G点|data/G点|0|0|1346749073|1346749073|12
包皮|data/包皮|0|0|1346749073|1346749073|12
射精|data/射精|0|0|1346749073|1346749073|12
忍精|data/忍精|0|0|1346749073|1346749073|12
性偏好|data/性偏好|0|0|1346749073|1346749073|12
性冲动|data/性冲动|0|0|1346749073|1346749073|12
性压抑|data/性压抑|0|0|1346749073|1346749073|12
性取向|data/性取向|0|0|1346749073|1346749073|12
性同步|data/性同步|0|0|1346749073|1346749073|12
性吸引|data/性吸引|0|0|1346749073|1346749073|12
性嫉妒|data/性嫉妒|0|0|1346749073|1346749073|12
性对抗|data/性对抗|0|0|1346749073|1346749073|12
性幻想|data/性幻想|0|0|1346749073|1346749073|12
性显象|data/性显象|0|0|1346749073|1346749073|12
性梦|data/性梦|0|0|1346749073|1346749073|12
性欲|data/性欲|0|0|1346749073|1346749073|12
性爱生理期|data/性爱生理期|0|0|1346749073|1346749073|12
性生活时差|data/性生活时差|0|0|1346749073|1346749073|12
性虐待|data/性虐待|0|0|1346749073|1346749073|12
性衰老|data/性衰老|0|0|1346749073|1346749073|12
性阈|data/性阈|0|0|1346749073|1346749073|12
性饥饿|data/性饥饿|0|0|1346749073|1346749073|12
更年期|data/更年期|0|0|1346749073|1346749073|12
月经|data/月经|0|0|1346749073|1346749073|12
梦交|data/梦交|0|0|1346749073|1346749073|12
爱液|data/爱液|0|0|1346749073|1346749073|12
男性不应期|data/男性不应期|0|0|1346749073|1346749073|12
精子|data/精子|0|0|1346749073|1346749073|12
纵欲|data/纵欲|0|0|1346749073|1346749073|12
自慰|data/自慰|0|0|1346749073|1346749073|12
荷尔蒙|data/荷尔蒙|0|0|1346749073|1346749073|12
蜜月病|data/蜜月病|0|0|1346749073|1346749073|12
遗精|data/遗精|0|0|1346749073|1346749073|12
阴吹|data/阴吹|0|0|1346749073|1346749073|12
阴道隔膜|data/阴道隔膜|0|0|1346749073|1346749073|12
“小弟弟”越大越好？够硬就行！|data/“小弟弟”越大越好？够硬就行！|0|0|1346749073|1346749073|8
一个让阴茎更强大的训练教程|data/一个让阴茎更强大的训练教程|0|0|1346749073|1346749073|8
六大指标全面衡量你是否够爷们|data/六大指标全面衡量你是否够爷们|0|0|1346749073|1346749073|8
关于男性生理的一些常识|data/关于男性生理的一些常识|0|0|1346749073|1346749073|8
十指连性：手指长度与性能力直接相关|data/十指连性：手指长度与性能力直接相关|0|0|1346749073|1346749073|8
夜间勃起反应男人真实性能力|data/夜间勃起反应男人真实性能力|0|0|1346749073|1346749073|8
女人最喜欢的阴茎尺寸大小|data/女人最喜欢的阴茎尺寸大小|0|0|1346749073|1346749073|8
如何科学测量阴茎长度?|data/如何科学测量阴茎长度?|0|0|1346749073|1346749073|8
小便射得远代表性能力强？|data/小便射得远代表性能力强？|0|0|1346749073|1346749073|8
尿和精液会不会同时排出来？|data/尿和精液会不会同时排出来？|0|0|1346749073|1346749073|8
必学：男人养精十招|data/必学：男人养精十招|0|0|1346749073|1346749073|8
揭秘男性正常的性生理数据|data/揭秘男性正常的性生理数据|0|0|1346749073|1346749073|8
男人“私处”的十五个小秘密|data/男人“私处”的十五个小秘密|0|0|1346749073|1346749073|8
男人一天中的四次性高潮|data/男人一天中的四次性高潮|0|0|1346749073|1346749073|8
男人一次射精射掉了多少精力?|data/男人一次射精射掉了多少精力?|0|0|1346749073|1346749073|8
男人一生的性欲曲线流程|data/男人一生的性欲曲线流程|0|0|1346749073|1346749073|8
男人一生精液有多少?|data/男人一生精液有多少?|0|0|1346749073|1346749073|8
男人体味是从什么秘处发出的?|data/男人体味是从什么秘处发出的?|0|0|1346749073|1346749073|8
男人多长时间遗精一次才算正常?|data/男人多长时间遗精一次才算正常?|0|0|1346749073|1346749073|8
男人正常的精液是什么样子?|data/男人正常的精液是什么样子?|0|0|1346749073|1346749073|8
男人真的会精尽而亡吗?|data/男人真的会精尽而亡吗?|0|0|1346749073|1346749073|8
男人精液你了解多少?|data/男人精液你了解多少?|0|0|1346749073|1346749073|8
男人裆部为何特别脆弱?|data/男人裆部为何特别脆弱?|0|0|1346749073|1346749073|8
男子从何时开始性衰老?|data/男子从何时开始性衰老?|0|0|1346749073|1346749073|8
男性也有生理周期|data/男性也有生理周期|0|0|1346749073|1346749073|8
男性的外生殖器官解析|data/男性的外生殖器官解析|0|0|1346749073|1346749073|8
男性阴囊生理解析|data/男性阴囊生理解析|0|0|1346749073|1346749073|8
男性阴茎必知的五大生理点|data/男性阴茎必知的五大生理点|0|0|1346749073|1346749073|8
男生殖系统各部分功能|data/男生殖系统各部分功能|0|0|1346749073|1346749073|8
睾丸产生精子的过程|data/睾丸产生精子的过程|0|0|1346749073|1346749073|8
睾丸小会影响生育能力吗?|data/睾丸小会影响生育能力吗?|0|0|1346749073|1346749073|8
精囊腺的主要作用|data/精囊腺的主要作用|0|0|1346749073|1346749073|8
精子的结构和功能|data/精子的结构和功能|0|0|1346749073|1346749073|8
谈谈你不知道的射精知识|data/谈谈你不知道的射精知识|0|0|1346749073|1346749073|8
适合才是最好：两性性器官的最佳匹配|data/适合才是最好：两性性器官的最佳匹配|0|0|1346749073|1346749073|8
阴茎为何早晨易勃起？|data/阴茎为何早晨易勃起？|0|0|1346749073|1346749073|8
阴茎勃起之“谜”|data/阴茎勃起之“谜”|0|0|1346749073|1346749073|8
阴茎勃起程度的自我判断|data/阴茎勃起程度的自我判断|0|0|1346749073|1346749073|8
阴茎短小对女性性快感有影响吗?|data/阴茎短小对女性性快感有影响吗?|0|0|1346749073|1346749073|8
阴茎衰老有三大表现要知道|data/阴茎衰老有三大表现要知道|0|0|1346749073|1346749073|8
阴茎长短与硬软|data/阴茎长短与硬软|0|0|1346749073|1346749073|8
附睾是男性生育的“掌舵者”|data/附睾是男性生育的“掌舵者”|0|0|1346749073|1346749073|8
附睾管的长度与生理功能|data/附睾管的长度与生理功能|0|0|1346749073|1346749073|8
附睾长什么样，长在哪里?|data/附睾长什么样，长在哪里?|0|0|1346749073|1346749073|8
男人阴茎完美长度是多少才最好?|data/男人阴茎完美长度是多少才最好?|0|0|1347445717|1347445717|8
A点、F区、R区、G点、U点，不懂的，一定要看！|data/A点、F区、R区、G点、U点，不懂的，一定要看！|0|0|1346749073|1346749073|9
为什么有的女子会发生闭经?|data/为什么有的女子会发生闭经?|0|0|1346749073|1346749073|9
乳房与性欲的因果联系|data/乳房与性欲的因果联系|0|0|1346749073|1346749073|9
乳房的内部结构|data/乳房的内部结构|0|0|1346749073|1346749073|9
什么是“石女”?|data/什么是“石女”?|0|0|1346749073|1346749073|9
关于女性性高潮的5个事实|data/关于女性性高潮的5个事实|0|0|1346749073|1346749073|9
关于阴道前庭|data/关于阴道前庭|0|0|1346749073|1346749073|9
判断前戏效果的四窍门|data/判断前戏效果的四窍门|0|0|1346749073|1346749073|9
告诉你真实的处女膜|data/告诉你真实的处女膜|0|0|1346749073|1346749073|9
处女膜能说明些什么?|data/处女膜能说明些什么?|0|0|1346749073|1346749073|9
女人20 30 40之性爱频率|data/女人20 30 40之性爱频率|0|0|1346749073|1346749073|9
女人一生的4个情欲高峰期|data/女人一生的4个情欲高峰期|0|0|1346749073|1346749073|9
女人对性的基本需求类型|data/女人对性的基本需求类型|0|0|1346749073|1346749073|9
女人性爱中哪个部位最敏感?|data/女人性爱中哪个部位最敏感?|0|0|1346749073|1346749073|9
女人期待男人爱抚的12个兴奋点|data/女人期待男人爱抚的12个兴奋点|0|0|1346749073|1346749073|9
女人私处的毛发到底有什么用?|data/女人私处的毛发到底有什么用?|0|0|1346749073|1346749073|9
女人私处的生理参数|data/女人私处的生理参数|0|0|1346749073|1346749073|9
女人阴道的8个秘密|data/女人阴道的8个秘密|0|0|1346749073|1346749073|9
女性乳房的性生理反应|data/女性乳房的性生理反应|0|0|1346749073|1346749073|9
女性处女膜到底在哪里？|data/女性处女膜到底在哪里？|0|0|1346749073|1346749073|9
女性床上性高潮时六种表现|data/女性床上性高潮时六种表现|0|0|1346749073|1346749073|9
女性性器官标准数据|data/女性性器官标准数据|0|0|1346749073|1346749073|9
女性的卵巢有什么用?|data/女性的卵巢有什么用?|0|0|1346749073|1346749073|9
女性阴道标准尺寸是多少?|data/女性阴道标准尺寸是多少?|0|0|1346749073|1346749073|9
女性阴部阴毛的特征|data/女性阴部阴毛的特征|0|0|1346749073|1346749073|9
女生在何时乳房丰满度最佳?|data/女生在何时乳房丰满度最佳?|0|0|1346749073|1346749073|9
如何得知处女膜是否破裂?|data/如何得知处女膜是否破裂?|0|0|1346749073|1346749073|9
引起女人射精的G点|data/引起女人射精的G点|0|0|1346749073|1346749073|9
性交中的阴蒂作用|data/性交中的阴蒂作用|0|0|1346749073|1346749073|9
性兴奋时女人的生理变化|data/性兴奋时女人的生理变化|0|0|1346749073|1346749073|9
性反应的标志-阴道液|data/性反应的标志-阴道液|0|0|1346749073|1346749073|9
性爱呻吟是生理反应吗?|data/性爱呻吟是生理反应吗?|0|0|1346749073|1346749073|9
性生活时乳房为何会硬?|data/性生活时乳房为何会硬?|0|0|1346749073|1346749073|9
性生活时女人的生理变化解析|data/性生活时女人的生理变化解析|0|0|1346749073|1346749073|9
性红晕 女人性高潮征兆|data/性红晕 女人性高潮征兆|0|0|1346749073|1346749073|9
教你认识月经|data/教你认识月经|0|0|1346749073|1346749073|9
月经周期的奥秘|data/月经周期的奥秘|0|0|1346749073|1346749073|9
生理常识-小阴唇是什么?|data/生理常识-小阴唇是什么?|0|0|1346749073|1346749073|9
细说女性外阴|data/细说女性外阴|0|0|1346749073|1346749073|9
阴唇乌黑的原因|data/阴唇乌黑的原因|0|0|1346749073|1346749073|9
阴唇在性反应中的不同变化|data/阴唇在性反应中的不同变化|0|0|1346749073|1346749073|9
阴毛与性欲有无关系|data/阴毛与性欲有无关系|0|0|1346749073|1346749073|9
阴道在性反应周期中的变化|data/阴道在性反应周期中的变化|0|0|1346749073|1346749073|9
阴道的小秘密|data/阴道的小秘密|0|0|1346749073|1346749073|9
阴道的结构及生理特点|data/阴道的结构及生理特点|0|0|1346749073|1346749073|9
阴道里面是怎么样的?|data/阴道里面是怎么样的?|0|0|1346749073|1346749073|9
女人高潮有哪些生理反应?|data/女人高潮有哪些生理反应?|0|0|1347445447|1347445447|9
男人必看：揭露女人高潮时的“爱液”|data/男人必看：揭露女人高潮时的“爱液”|0|0|1347445546|1347445546|9
中国人必知的五个性爱之神|data/中国人必知的五个性爱之神|0|0|1346749073|1346749073|11
中国博物馆展现中国古代性文化|data/中国博物馆展现中国古代性文化|0|0|1346749073|1346749073|11
全球七大“性都”性福指数大PK|data/全球七大“性都”性福指数大PK|0|0|1346749073|1346749073|11
印度的性文化|data/印度的性文化|0|0|1346749073|1346749073|11
历史上最不靠谱性爱风俗|data/历史上最不靠谱性爱风俗|0|0|1346749073|1346749073|11
古人的“房事诱导”|data/古人的“房事诱导”|0|0|1346749073|1346749073|11
古代人如何运用性技巧?|data/古代人如何运用性技巧?|0|0|1346749073|1346749073|11
古代艺妓与色妓们的四种归宿|data/古代艺妓与色妓们的四种归宿|0|0|1346749073|1346749073|11
史上十大“性爱”记录|data/史上十大“性爱”记录|0|0|1346749073|1346749073|11
土耳其人浴室里面选新娘|data/土耳其人浴室里面选新娘|0|0|1346749073|1346749073|11
土耳其的赔妻遮羞陋俗|data/土耳其的赔妻遮羞陋俗|0|0|1346749073|1346749073|11
外国男人都是“性超人”吗？|data/外国男人都是“性超人”吗？|0|0|1346749073|1346749073|11
妓女的起源|data/妓女的起源|0|0|1346749073|1346749073|11
强奸-日本传统性文化|data/强奸-日本传统性文化|0|0|1346749073|1346749073|11
性爱的男女艺术|data/性爱的男女艺术|0|0|1346749073|1346749073|11
日本会阳节 男子街上裸奔|data/日本会阳节 男子街上裸奔|0|0|1346749073|1346749073|11
日本文化中的“性”|data/日本文化中的“性”|0|0|1346749073|1346749073|11
日本色情文化的演变过程|data/日本色情文化的演变过程|0|0|1346749073|1346749073|11
欧洲人接吻大观|data/欧洲人接吻大观|0|0|1346749073|1346749073|11
武则天饱受性之累|data/武则天饱受性之累|0|0|1346749073|1346749073|11
泰国风情与性|data/泰国风情与性|0|0|1346749073|1346749073|11
话说中国古代春宫图大全|data/话说中国古代春宫图大全|0|0|1346749073|1346749073|11
调查显示 全球男女希望每周做爱三次|data/调查显示 全球男女希望每周做爱三次|0|0|1346749073|1346749073|11
趣说床文化|data/趣说床文化|0|0|1346749073|1346749073|11
金瓶梅与明末清初的性革命|data/金瓶梅与明末清初的性革命|0|0|1346749073|1346749073|11
飘零的日本“艺伎”文化|data/飘零的日本“艺伎”文化|0|0|1346749073|1346749073|11
日本文化色情电影和韩国伦理片|data/日本文化色情电影和韩国伦理片|0|0|1347446139|1347446139|11
两种有害的性交行为|data/两种有害的性交行为|0|0|1346749074|1346749074|7
中国男性性误区排行榜TOP10|data/中国男性性误区排行榜TOP10|0|0|1346749074|1346749074|7
五处地雷不容踩进|data/五处地雷不容踩进|0|0|1346749074|1346749074|7
保险套绝对安全吗?|data/保险套绝对安全吗?|0|0|1346749074|1346749074|7
做爱时过分“压迫”女性胸部|data/做爱时过分“压迫”女性胸部|0|0|1346749074|1346749074|7
偷情过度刺激容易造成猝死的危险|data/偷情过度刺激容易造成猝死的危险|0|0|1346749074|1346749074|7
六种常见男女性误区或致恶果|data/六种常见男女性误区或致恶果|0|0|1346749074|1346749074|7
关于避孕的11个误区|data/关于避孕的11个误区|0|0|1346749074|1346749074|7
哪些性观念是被混淆的?|data/哪些性观念是被混淆的?|0|0|1346749074|1346749074|7
夫妻生活后倒头就睡反而会更累?|data/夫妻生活后倒头就睡反而会更累?|0|0|1346749074|1346749074|7
夫妻生活时间越长越好吗?|data/夫妻生活时间越长越好吗?|0|0|1346749074|1346749074|7
夸张色情片中的性误导|data/夸张色情片中的性误导|0|0|1346749074|1346749074|7
女人常犯的5个“性误区”|data/女人常犯的5个“性误区”|0|0|1346749074|1346749074|7
女人常见的性观念误区|data/女人常见的性观念误区|0|0|1346749074|1346749074|7
女人要知道的四大性误区|data/女人要知道的四大性误区|0|0|1346749074|1346749074|7
性爱后千万不能做的4件事|data/性爱后千万不能做的4件事|0|0|1346749074|1346749074|7
性爱后大汗淋漓是肾虚表现吗?|data/性爱后大汗淋漓是肾虚表现吗?|0|0|1346749074|1346749074|7
性生活中有13个不要|data/性生活中有13个不要|0|0|1346749074|1346749074|7
性生活无高潮小心性误区|data/性生活无高潮小心性误区|0|0|1346749074|1346749074|7
性用具的四大使用误区|data/性用具的四大使用误区|0|0|1346749074|1346749074|7
性误区：我用夫妻生活减肥|data/性误区：我用夫妻生活减肥|0|0|1346749074|1346749074|7
手淫无罪，但频繁有害|data/手淫无罪，但频繁有害|0|0|1346749074|1346749074|7
水中过夫妻生活小心|data/水中过夫妻生活小心|0|0|1346749074|1346749074|7
洞房预习课：处理好男女性生理的差异|data/洞房预习课：处理好男女性生理的差异|0|0|1346749074|1346749074|7
洞房预习课：女性应正确认识男性的性行为|data/洞房预习课：女性应正确认识男性的性行为|0|0|1346749074|1346749074|7
洞房预习课：走出对性冷淡认识的误区|data/洞房预习课：走出对性冷淡认识的误区|0|0|1346749074|1346749074|7
洞房预习课：走出对手淫的看法的误区|data/洞房预习课：走出对手淫的看法的误区|0|0|1346749074|1346749074|7
洞房预习课：走出对遗精、月经认识上的误区|data/洞房预习课：走出对遗精、月经认识上的误区|0|0|1346749074|1346749074|7
洞房预习课：走出性生活认识上的误区|data/洞房预习课：走出性生活认识上的误区|0|0|1346749074|1346749074|7
洞房预习课：走出性观念的误区|data/洞房预习课：走出性观念的误区|0|0|1346749074|1346749074|7
男人二次高潮易损害性功能吗?|data/男人二次高潮易损害性功能吗?|0|0|1346749074|1346749074|7
男人射精就等于性高潮吗?|data/男人射精就等于性高潮吗?|0|0|1346749074|1346749074|7
男人有7大性误区 女人必须了解|data/男人有7大性误区 女人必须了解|0|0|1346749074|1346749074|7
经期同房可导致不孕|data/经期同房可导致不孕|0|0|1346749074|1346749074|7
经期行房会有何后果?|data/经期行房会有何后果?|0|0|1346749074|1346749074|7
解密10大性误区(男人比女人更渴望性吗)|data/解密10大性误区(男人比女人更渴望性吗)|0|0|1346749074|1346749074|7
这些性误区你知道多少?|data/这些性误区你知道多少?|0|0|1346749074|1346749074|7
这六大好事你最好别做|data/这六大好事你最好别做|0|0|1346749074|1346749074|7
这样性交易患病|data/这样性交易患病|0|0|1346749074|1346749074|7
远离10种性爱误区!|data/远离10种性爱误区!|0|0|1346749074|1346749074|7
远离成人电影里的性爱误区|data/远离成人电影里的性爱误区|0|0|1346749074|1346749074|7
野外性爱有哪些性误区?|data/野外性爱有哪些性误区?|0|0|1346749074|1346749074|7
长期服用伟哥会严重伤精|data/长期服用伟哥会严重伤精|0|0|1346749074|1346749074|7
非常危险的性前戏盘点|data/非常危险的性前戏盘点|0|0|1346749074|1346749074|7
骑自行车会影响性功能吗?|data/骑自行车会影响性功能吗?|0|0|1346749074|1346749074|7
13个鲜为人知的性爱秘事|data/13个鲜为人知的性爱秘事|0|0|1346749073|1346749073|6
26个Tips让婚姻性感起来|data/26个Tips让婚姻性感起来|0|0|1346749073|1346749073|6
A片中该学和不该学的镜头|data/A片中该学和不该学的镜头|0|0|1346749073|1346749073|6
“婚睡”对恢复精力很重要|data/“婚睡”对恢复精力很重要|0|0|1346749073|1346749073|6
“爱爱”中的12个要注意的事|data/“爱爱”中的12个要注意的事|0|0|1346749073|1346749073|6
专家建议：做爱时间顺其自然好|data/专家建议：做爱时间顺其自然好|0|0|1346749073|1346749073|6
专家：女性前戏至少要15分钟|data/专家：女性前戏至少要15分钟|0|0|1346749073|1346749073|6
五个最佳床下性爱场所|data/五个最佳床下性爱场所|0|0|1346749073|1346749073|6
人体性敏感点可随年龄发生变化|data/人体性敏感点可随年龄发生变化|0|0|1346749073|1346749073|6
做爱前请先关手机|data/做爱前请先关手机|0|0|1346749073|1346749073|6
六个日常习惯可增强性能力|data/六个日常习惯可增强性能力|0|0|1346749073|1346749073|6
告诉她 让她喜欢做|data/告诉她 让她喜欢做|0|0|1346749073|1346749073|6
困惑！前戏不是越久越好？|data/困惑！前戏不是越久越好？|0|0|1346749073|1346749073|6
夫妻性生活和谐基本的知识|data/夫妻性生活和谐基本的知识|0|0|1346749073|1346749073|6
夫妻性生活过度易引起疾病|data/夫妻性生活过度易引起疾病|0|0|1346749073|1346749073|6
女人对男人性爱行动大投诉|data/女人对男人性爱行动大投诉|0|0|1346749073|1346749073|6
女人的性爱有十诫|data/女人的性爱有十诫|0|0|1346749073|1346749073|6
女人看了痛快男人看了必学乖|data/女人看了痛快男人看了必学乖|0|0|1346749073|1346749073|6
女性如何巧妙拒绝他的性要求?|data/女性如何巧妙拒绝他的性要求?|0|0|1346749073|1346749073|6
女性性生活后喝果汁有利健康|data/女性性生活后喝果汁有利健康|0|0|1346749073|1346749073|6
如何缓解男人性心理压力?|data/如何缓解男人性心理压力?|0|0|1346749073|1346749073|6
妻子孕期男人怎么办?|data/妻子孕期男人怎么办?|0|0|1346749073|1346749073|6
怎样的A片才能让女生兴致盎然|data/怎样的A片才能让女生兴致盎然|0|0|1346749073|1346749073|6
怎样的性生活让夫妻更健康?|data/怎样的性生活让夫妻更健康?|0|0|1346749073|1346749073|6
性交后喝冷饮会会致命吗?|data/性交后喝冷饮会会致命吗?|0|0|1346749073|1346749073|6
性欲丧失的七个信号！|data/性欲丧失的七个信号！|0|0|1346749073|1346749073|6
性爱中女性应该多动动|data/性爱中女性应该多动动|0|0|1346749073|1346749073|6
性爱中的“七损八益”|data/性爱中的“七损八益”|0|0|1346749073|1346749073|6
性爱后隔多久排尿最及时?|data/性爱后隔多久排尿最及时?|0|0|1346749073|1346749073|6
性爱时男性最没礼貌的几种表现|data/性爱时男性最没礼貌的几种表现|0|0|1346749073|1346749073|6
性生活与失眠的紧密关系|data/性生活与失眠的紧密关系|0|0|1346749073|1346749073|6
性生活后喝点什么好?|data/性生活后喝点什么好?|0|0|1346749073|1346749073|6
性生活过后应暂缓驾车|data/性生活过后应暂缓驾车|0|0|1346749073|1346749073|6
性生活过度有哪些感觉?|data/性生活过度有哪些感觉?|0|0|1346749073|1346749073|6
性生活需躲开的黑色时间|data/性生活需躲开的黑色时间|0|0|1346749073|1346749073|6
性高潮后你忘了些什么?|data/性高潮后你忘了些什么?|0|0|1346749073|1346749073|6
房事前后洗澡有讲究|data/房事前后洗澡有讲究|0|0|1346749073|1346749073|6
按摩可以增强男人性能力|data/按摩可以增强男人性能力|0|0|1346749073|1346749073|6
早晨做爱后为何休息半小时?|data/早晨做爱后为何休息半小时?|0|0|1346749073|1346749073|6
流产多久能正常性生活?|data/流产多久能正常性生活?|0|0|1346749073|1346749073|6
用错安全套可成“性无能”|data/用错安全套可成“性无能”|0|0|1346749073|1346749073|6
男女切记七个时间不宜行房事|data/男女切记七个时间不宜行房事|0|0|1346749073|1346749073|6
男女间有哪些助性食品?|data/男女间有哪些助性食品?|0|0|1346749073|1346749073|6
男性多吃苹果可保护性功能|data/男性多吃苹果可保护性功能|0|0|1346749073|1346749073|6
男性第一次性生活中的常见尴尬|data/男性第一次性生活中的常见尴尬|0|0|1346749073|1346749073|6
自慰虽好但不可纵欲|data/自慰虽好但不可纵欲|0|0|1346749073|1346749073|6
身体疲乏不宜过性生活|data/身体疲乏不宜过性生活|0|0|1346749073|1346749073|6
过刺激的性生活必须注意的几个问题|data/过刺激的性生活必须注意的几个问题|0|0|1346749073|1346749073|6
还没性爱就累了为什么?|data/还没性爱就累了为什么?|0|0|1346749073|1346749073|6
这7招提高性生活质量|data/这7招提高性生活质量|0|0|1346749073|1346749073|6
骑车健身警惕扫“性”|data/骑车健身警惕扫“性”|0|0|1346749073|1346749073|6
11种错误的避孕观念|data/11种错误的避孕观念|0|0|1346749072|1346749072|10
4种最容易搞出“人命”的避孕方法|data/4种最容易搞出“人命”的避孕方法|0|0|1346749072|1346749072|10
一名妇科医生的避孕经验|data/一名妇科医生的避孕经验|0|0|1346749072|1346749072|10
不会避孕的男人不配爱|data/不会避孕的男人不配爱|0|0|1346749072|1346749072|10
不同薄厚安全套各有功效|data/不同薄厚安全套各有功效|0|0|1346749072|1346749072|10
不宜选用“安全期避孕”的女人|data/不宜选用“安全期避孕”的女人|0|0|1346749072|1346749072|10
不影响性交快感的避孕技巧|data/不影响性交快感的避孕技巧|0|0|1346749072|1346749072|10
五花八门的避孕方法哪种最安全?|data/五花八门的避孕方法哪种最安全?|0|0|1346749072|1346749072|10
产后性生活可以不避孕吗？|data/产后性生活可以不避孕吗？|0|0|1346749072|1346749072|10
人流后女性常见健康问题 对症解决|data/人流后女性常见健康问题 对症解决|0|0|1346749072|1346749072|10
人流好还是药流好？|data/人流好还是药流好？|0|0|1346749072|1346749072|10
人类安全套360年的演变|data/人类安全套360年的演变|0|0|1346749072|1346749072|10
什么样的性交姿势最不容易受孕?|data/什么样的性交姿势最不容易受孕?|0|0|1346749072|1346749072|10
体外射精带来的“后遗症”|data/体外射精带来的“后遗症”|0|0|1346749072|1346749072|10
你知道避孕套的神奇妙用吗?|data/你知道避孕套的神奇妙用吗?|0|0|1346749072|1346749072|10
使用安全套时细节不容忽视|data/使用安全套时细节不容忽视|0|0|1346749072|1346749072|10
具有避孕效果的几种食物|data/具有避孕效果的几种食物|0|0|1346749072|1346749072|10
初为人母13类避孕方法各不同|data/初为人母13类避孕方法各不同|0|0|1346749072|1346749072|10
十种情况不可服避孕药|data/十种情况不可服避孕药|0|0|1346749072|1346749072|10
吃避孕药5种常见不良反应及解决办法|data/吃避孕药5种常见不良反应及解决办法|0|0|1346749072|1346749072|10
吃避孕药会变胖吗？|data/吃避孕药会变胖吗？|0|0|1346749072|1346749072|10
吃避孕药出现不良反应 小技巧缓解不适|data/吃避孕药出现不良反应 小技巧缓解不适|0|0|1346749072|1346749072|10
吃避孕药同时要补什么？|data/吃避孕药同时要补什么？|0|0|1346749072|1346749072|10
哪些姿势让你次次怀孕?|data/哪些姿势让你次次怀孕?|0|0|1346749072|1346749072|10
哪些技巧会让安全套更安全?|data/哪些技巧会让安全套更安全?|0|0|1346749072|1346749072|10
哪些避孕措施会影响性功能?|data/哪些避孕措施会影响性功能?|0|0|1346749072|1346749072|10
外用避孕药的注意事项|data/外用避孕药的注意事项|0|0|1346749072|1346749072|10
女人最喜欢用什么方法避孕?|data/女人最喜欢用什么方法避孕?|0|0|1346749072|1346749072|10
女性吃紧急避孕药要注意什么?|data/女性吃紧急避孕药要注意什么?|0|0|1346749072|1346749072|10
女性生理安全期该怎么计算?|data/女性生理安全期该怎么计算?|0|0|1346749072|1346749072|10
女性绝对的安全期是哪几天？|data/女性绝对的安全期是哪几天？|0|0|1346749072|1346749072|10
女性须知的一些避孕常识|data/女性须知的一些避孕常识|0|0|1346749072|1346749072|10
女性，安全期及避孕、受孕全攻略|data/女性，安全期及避孕、受孕全攻略|0|0|1346749072|1346749072|10
女用避孕套有何优点?|data/女用避孕套有何优点?|0|0|1346749072|1346749072|10
如何判断该选择何种流产方式?|data/如何判断该选择何种流产方式?|0|0|1346749072|1346749072|10
如何正确安全地使用套套?|data/如何正确安全地使用套套?|0|0|1346749072|1346749072|10
如何选择最合适的避孕药?|data/如何选择最合适的避孕药?|0|0|1346749072|1346749072|10
如何选购合适的避孕套?|data/如何选购合适的避孕套?|0|0|1346749072|1346749072|10
妇科专家提醒女性月经期也可能怀孕|data/妇科专家提醒女性月经期也可能怀孕|0|0|1346749072|1346749072|10
安全套知识你了解多少?|data/安全套知识你了解多少?|0|0|1346749072|1346749072|10
怀孕了如何性爱指南?|data/怀孕了如何性爱指南?|0|0|1346749072|1346749072|10
愚蠢避孕可导致性功能障碍|data/愚蠢避孕可导致性功能障碍|0|0|1346749072|1346749072|10
教你推算安全期和排卵期|data/教你推算安全期和排卵期|0|0|1346749072|1346749072|10
无痛人流的最佳时间是什么时候?|data/无痛人流的最佳时间是什么时候?|0|0|1346749072|1346749072|10
未婚女性最佳避孕方式全攻略|data/未婚女性最佳避孕方式全攻略|0|0|1346749072|1346749072|10
正确使用避孕套避孕4个方法|data/正确使用避孕套避孕4个方法|0|0|1346749072|1346749072|10
每个女人的安全期都不同|data/每个女人的安全期都不同|0|0|1346749072|1346749072|10
比较容易避孕的性爱姿势|data/比较容易避孕的性爱姿势|0|0|1346749072|1346749072|10
男性常用的避孕方法有哪些?|data/男性常用的避孕方法有哪些?|0|0|1346749072|1346749072|10
男性避孕套的正确使用方法|data/男性避孕套的正确使用方法|0|0|1346749072|1346749072|10
男性避孕药物有哪些?|data/男性避孕药物有哪些?|0|0|1346749072|1346749072|10
科学使用避孕套16个细节|data/科学使用避孕套16个细节|0|0|1346749072|1346749072|10
科学避孕，方法多多|data/科学避孕，方法多多|0|0|1346749072|1346749072|10
第一次性爱学会如何避孕|data/第一次性爱学会如何避孕|0|0|1346749072|1346749072|10
紧急避孕须注意七件事|data/紧急避孕须注意七件事|0|0|1346749072|1346749072|10
给吃避孕药避孕的女性推荐的食谱|data/给吃避孕药避孕的女性推荐的食谱|0|0|1346749072|1346749072|10
草莓、巧克力味的安全套不能用|data/草莓、巧克力味的安全套不能用|0|0|1346749072|1346749072|10
超薄安全套不是每个男人都适用|data/超薄安全套不是每个男人都适用|0|0|1346749072|1346749072|10
近六成人用错安全套|data/近六成人用错安全套|0|0|1346749072|1346749072|10
避孕后发生怀孕怎么办?|data/避孕后发生怀孕怎么办?|0|0|1346749072|1346749072|10
避孕套功效与薄厚程度有关|data/避孕套功效与薄厚程度有关|0|0|1346749072|1346749072|10
避孕套破了怎么办?|data/避孕套破了怎么办?|0|0|1346749072|1346749072|10
避孕套要怎么选怎么用才最安全?|data/避孕套要怎么选怎么用才最安全?|0|0|1346749072|1346749072|10
避孕药7个常见疑问|data/避孕药7个常见疑问|0|0|1346749072|1346749072|10
避孕药一个月最多不要超过几次?|data/避孕药一个月最多不要超过几次?|0|0|1346749072|1346749072|10
避孕药十大妙用与经痛说拜拜|data/避孕药十大妙用与经痛说拜拜|0|0|1346749072|1346749072|10
阴道冲洗能够避孕和防性病吗？|data/阴道冲洗能够避孕和防性病吗？|0|0|1346749072|1346749072|10
4招让"大姨妈"不再刁难你|data/4招让"大姨妈"不再刁难你|0|0|1346749072|1346749072|16
八招预防女性更年期综合症|data/八招预防女性更年期综合症|0|0|1346749072|1346749072|16
女人月经出现这些状况很可怕|data/女人月经出现这些状况很可怕|0|0|1346749072|1346749072|16
女性须知 夏季常吹空调容易痛经|data/女性须知 夏季常吹空调容易痛经|0|0|1346749072|1346749072|16
如何确诊多囊卵巢综合症|data/如何确诊多囊卵巢综合症|0|0|1346749072|1346749072|16
教你如何摆脱更年期四大症状|data/教你如何摆脱更年期四大症状|0|0|1346749072|1346749072|16
有些女人为什么痛经？|data/有些女人为什么痛经？|0|0|1346749072|1346749072|16
治愈十大经期“怪病”小妙招|data/治愈十大经期“怪病”小妙招|0|0|1346749072|1346749072|16
缓解各种类型的痛经方法|data/缓解各种类型的痛经方法|0|0|1346749072|1346749072|16
闭经的症状有哪些 早发现早治疗|data/闭经的症状有哪些 早发现早治疗|0|0|1346749072|1346749072|16
七个步骤有效自治早泄|data/七个步骤有效自治早泄|0|0|1346749072|1346749072|15
丈夫阳萎了，妻子怎么办？|data/丈夫阳萎了，妻子怎么办？|0|0|1346749072|1346749072|15
不射精症与无精症的区别|data/不射精症与无精症的区别|0|0|1346749072|1346749072|15
专家解析青少年出现早泄的原因|data/专家解析青少年出现早泄的原因|0|0|1346749072|1346749072|15
五大绝招激起男人的“欲火”|data/五大绝招激起男人的“欲火”|0|0|1346749072|1346749072|15
什么习惯让男人容易阳痿？|data/什么习惯让男人容易阳痿？|0|0|1346749072|1346749072|15
什么是性欲亢进?|data/什么是性欲亢进?|0|0|1346749072|1346749072|15
关于包皮包茎8个经典问题|data/关于包皮包茎8个经典问题|0|0|1346749072|1346749072|15
关于包皮包茎的一些误区|data/关于包皮包茎的一些误区|0|0|1346749072|1346749072|15
几个技巧解决早泄|data/几个技巧解决早泄|0|0|1346749072|1346749072|15
功能性不射精原因有三|data/功能性不射精原因有三|0|0|1346749072|1346749072|15
包皮包茎的危害有哪些？|data/包皮包茎的危害有哪些？|0|0|1346749072|1346749072|15
包皮手术后多久可以同房？|data/包皮手术后多久可以同房？|0|0|1346749072|1346749072|15
包皮手术的一些问题|data/包皮手术的一些问题|0|0|1346749072|1346749072|15
包皮过长与包茎是什么，如何区分?|data/包皮过长与包茎是什么，如何区分?|0|0|1346749072|1346749072|15
包皮过长如何使用避孕套？|data/包皮过长如何使用避孕套？|0|0|1346749072|1346749072|15
包皮过长手术术前术后注意事项|data/包皮过长手术术前术后注意事项|0|0|1346749072|1346749072|15
女性的哪些行为可能导致男人阳萎？|data/女性的哪些行为可能导致男人阳萎？|0|0|1346749072|1346749072|15
如何判断是否患上性冷淡?|data/如何判断是否患上性冷淡?|0|0|1346749072|1346749072|15
如何正确区分早泄和肾虚？|data/如何正确区分早泄和肾虚？|0|0|1346749072|1346749072|15
导致早泄的三大主要因素|data/导致早泄的三大主要因素|0|0|1346749072|1346749072|15
导致阳痿早泄有哪些心理原因|data/导致阳痿早泄有哪些心理原因|0|0|1346749072|1346749072|15
导致阳痿的原因有哪些？|data/导致阳痿的原因有哪些？|0|0|1346749072|1346749072|15
射精障碍有哪些?|data/射精障碍有哪些?|0|0|1346749072|1346749072|15
应对早泄分清病情等级再治疗|data/应对早泄分清病情等级再治疗|0|0|1346749072|1346749072|15
应对男性性冷淡需要身心并治|data/应对男性性冷淡需要身心并治|0|0|1346749072|1346749072|15
引起男人阳痿的几个因素|data/引起男人阳痿的几个因素|0|0|1346749072|1346749072|15
引起精神性早泄的8个原因|data/引起精神性早泄的8个原因|0|0|1346749072|1346749072|15
怎样才要做包皮包茎手术？|data/怎样才要做包皮包茎手术？|0|0|1346749072|1346749072|15
性欲低下？试试三个秘方|data/性欲低下？试试三个秘方|0|0|1346749072|1346749072|15
性欲减退后的自省|data/性欲减退后的自省|0|0|1346749072|1346749072|15
拒绝早泄 这些“担心”没必要|data/拒绝早泄 这些“担心”没必要|0|0|1346749072|1346749072|15
教你正确判断有无早泄|data/教你正确判断有无早泄|0|0|1346749072|1346749072|15
教你认识性冷淡|data/教你认识性冷淡|0|0|1346749072|1346749072|15
早泄 你越想避免越容易发生|data/早泄 你越想避免越容易发生|0|0|1346749072|1346749072|15
早泄患者该吃哪些食物？|data/早泄患者该吃哪些食物？|0|0|1346749072|1346749072|15
早泄有哪些类型？|data/早泄有哪些类型？|0|0|1346749072|1346749072|15
早泄治疗应远离这三种错误|data/早泄治疗应远离这三种错误|0|0|1346749072|1346749072|15
早泄认知的五个误区|data/早泄认知的五个误区|0|0|1346749072|1346749072|15
根据勃起程度自我判断阳痿|data/根据勃起程度自我判断阳痿|0|0|1346749072|1346749072|15
治疗“三结合” 轻松脱离阳痿|data/治疗“三结合” 轻松脱离阳痿|0|0|1346749072|1346749072|15
治疗包皮包茎大概花多少钱？|data/治疗包皮包茎大概花多少钱？|0|0|1346749072|1346749072|15
治疗性欲亢进分五步走|data/治疗性欲亢进分五步走|0|0|1346749072|1346749072|15
淡定！走出阳痿认知误区|data/淡定！走出阳痿认知误区|0|0|1346749072|1346749072|15
男人为何迟迟不射精?|data/男人为何迟迟不射精?|0|0|1346749072|1346749072|15
男人偶尔“不坚”并不是真阳痿|data/男人偶尔“不坚”并不是真阳痿|0|0|1346749072|1346749072|15
男人忍精不射会酿“苦果”|data/男人忍精不射会酿“苦果”|0|0|1346749072|1346749072|15
男人服用“伟哥”先搞清5件事|data/男人服用“伟哥”先搞清5件事|0|0|1346749072|1346749072|15
男人的6个难言之疾|data/男人的6个难言之疾|0|0|1346749072|1346749072|15
男性割包皮后该注意什么？|data/男性割包皮后该注意什么？|0|0|1346749072|1346749072|15
男性如何应对过度遗精?|data/男性如何应对过度遗精?|0|0|1346749072|1346749072|15
男性防早泄锻炼秘法详解|data/男性防早泄锻炼秘法详解|0|0|1346749072|1346749072|15
男性阳痿和早泄的不同定义及症状|data/男性阳痿和早泄的不同定义及症状|0|0|1346749072|1346749072|15
看男科病前最好补充点知识|data/看男科病前最好补充点知识|0|0|1346749072|1346749072|15
让你告别早泄的十三招|data/让你告别早泄的十三招|0|0|1346749072|1346749072|15
让男人不再阳痿的技巧|data/让男人不再阳痿的技巧|0|0|1346749072|1346749072|15
让男人性冷淡的四个原因|data/让男人性冷淡的四个原因|0|0|1346749072|1346749072|15
适合许多人用的预防早泻的方法|data/适合许多人用的预防早泻的方法|0|0|1346749072|1346749072|15
阳痿就是肾虚造成的吗？|data/阳痿就是肾虚造成的吗？|0|0|1346749072|1346749072|15
阳痿早泄男人必须知道的几个问题|data/阳痿早泄男人必须知道的几个问题|0|0|1346749072|1346749072|15
阳痿的症状有哪些？|data/阳痿的症状有哪些？|0|0|1346749072|1346749072|15
预防阳痿离不开良好的睡眠|data/预防阳痿离不开良好的睡眠|0|0|1346749072|1346749072|15
10种食物让女性“春心荡漾”|data/10种食物让女性“春心荡漾”|0|0|1346749072|1346749072|14
“水果伟哥”枸杞被西方人大力追捧|data/“水果伟哥”枸杞被西方人大力追捧|0|0|1346749072|1346749072|14
两性保健食谱（木瓜、荔枝、莲子）|data/两性保健食谱（木瓜、荔枝、莲子）|0|0|1346749072|1346749072|14
做爱后吃点什么好?|data/做爱后吃点什么好?|0|0|1346749072|1346749072|14
几种对男人性欲有提高作用的肉类|data/几种对男人性欲有提高作用的肉类|0|0|1346749072|1346749072|14
助性食物和败性食物大PK|data/助性食物和败性食物大PK|0|0|1346749072|1346749072|14
可增精子产量的水果|data/可增精子产量的水果|0|0|1346749072|1346749072|14
吃对水果可以提升性能力|data/吃对水果可以提升性能力|0|0|1346749072|1346749072|14
吃得太油腻不利于男性勃起|data/吃得太油腻不利于男性勃起|0|0|1346749072|1346749072|14
合理饮食浇灌"性"福之花|data/合理饮食浇灌"性"福之花|0|0|1346749072|1346749072|14
哪些食物让你没有了性欲?|data/哪些食物让你没有了性欲?|0|0|1346749072|1346749072|14
喝酒不如喝咖啡助性来的健康|data/喝酒不如喝咖啡助性来的健康|0|0|1346749072|1346749072|14
多吃姜可治性功能障碍|data/多吃姜可治性功能障碍|0|0|1346749072|1346749072|14
多吃茭白等寒性食品会败性|data/多吃茭白等寒性食品会败性|0|0|1346749072|1346749072|14
夫妻间最爱的七大助性食物|data/夫妻间最爱的七大助性食物|0|0|1346749072|1346749072|14
女人有性趣的食物|data/女人有性趣的食物|0|0|1346749072|1346749072|14
女性性生活后喝果汁有利健康|data/女性性生活后喝果汁有利健康|0|0|1346749072|1346749072|14
巧克力是比接吻还激情的绝招|data/巧克力是比接吻还激情的绝招|0|0|1346749072|1346749072|14
性爱前饮食需提前一小时|data/性爱前饮食需提前一小时|0|0|1346749072|1346749072|14
性爱后吃鸡蛋能让体力恢复更快|data/性爱后吃鸡蛋能让体力恢复更快|0|0|1346749072|1346749072|14
房事后口渴喝点什么益健康?|data/房事后口渴喝点什么益健康?|0|0|1346749072|1346749072|14
房事过度如何进行饮食调养?|data/房事过度如何进行饮食调养?|0|0|1346749072|1346749072|14
提高男性性能量的食物|data/提高男性性能量的食物|0|0|1346749072|1346749072|14
最廉价的“水果伟哥”|data/最廉价的“水果伟哥”|0|0|1346749072|1346749072|14
烧烤成了“不举”的“主凶”|data/烧烤成了“不举”的“主凶”|0|0|1346749072|1346749072|14
牛蒡海带汤有助于提高性爱质量|data/牛蒡海带汤有助于提高性爱质量|0|0|1346749072|1346749072|14
甘草好但是不能使用过量|data/甘草好但是不能使用过量|0|0|1346749072|1346749072|14
男性夏天提升性能力8种饮品|data/男性夏天提升性能力8种饮品|0|0|1346749072|1346749072|14
让乳房更丰满的食物|data/让乳房更丰满的食物|0|0|1346749072|1346749072|14
让你欲望high到爆的食物|data/让你欲望high到爆的食物|0|0|1346749072|1346749072|14
让男人“性起”的合理饮食|data/让男人“性起”的合理饮食|0|0|1346749072|1346749072|14
调理月经：羊肉滋补汤|data/调理月经：羊肉滋补汤|0|0|1346749072|1346749072|14
这样吃火锅-女人滋阴 男人壮阳|data/这样吃火锅-女人滋阴 男人壮阳|0|0|1346749072|1346749072|14
适当饮红茶可提高性兴奋|data/适当饮红茶可提高性兴奋|0|0|1346749072|1346749072|14
食物对性功能的利或害|data/食物对性功能的利或害|0|0|1346749072|1346749072|14
鲜虾比壮阳药更壮阳|data/鲜虾比壮阳药更壮阳|0|0|1346749072|1346749072|14
黄瓜等有助于激发女性的性欲|data/黄瓜等有助于激发女性的性欲|0|0|1346749072|1346749072|14
10种常见的性交后阴道出血原因|data/10种常见的性交后阴道出血原因|0|0|1346749072|1346749072|13
为何射精后肛门疼痛？|data/为何射精后肛门疼痛？|0|0|1346749072|1346749072|13
为爱侣口交也会带来疾病|data/为爱侣口交也会带来疾病|0|0|1346749072|1346749072|13
亲爱的，行房前请你先洗手|data/亲爱的，行房前请你先洗手|0|0|1346749072|1346749072|13
做爱时射精疼痛的原因|data/做爱时射精疼痛的原因|0|0|1346749072|1346749072|13
做爱时怎么保护阴茎不在激烈的运动中受伤?|data/做爱时怎么保护阴茎不在激烈的运动中受伤?|0|0|1346749072|1346749072|13
利用洗澡增强男人性“力”|data/利用洗澡增强男人性“力”|0|0|1346749072|1346749072|13
喷头冲洗按摩阴茎可增强性功能|data/喷头冲洗按摩阴茎可增强性功能|0|0|1346749072|1346749072|13
夏季适量剃除阴毛可保女性卫生健康|data/夏季适量剃除阴毛可保女性卫生健康|0|0|1346749072|1346749072|13
夫妻性生活过后出现身体酸痛如何处理?|data/夫妻性生活过后出现身体酸痛如何处理?|0|0|1346749072|1346749072|13
夫妻生活后要及时“排空”|data/夫妻生活后要及时“排空”|0|0|1346749072|1346749072|13
女人保健10招推迟衰老的到来|data/女人保健10招推迟衰老的到来|0|0|1346749072|1346749072|13
女人私密地带保湿手册|data/女人私密地带保湿手册|0|0|1346749072|1346749072|13
女人该如何保护自己的乳房|data/女人该如何保护自己的乳房|0|0|1346749072|1346749072|13
女性月经期间应该多吃什么少吃什么?|data/女性月经期间应该多吃什么少吃什么?|0|0|1346749072|1346749072|13
女性该如何保护乳房防止衰老|data/女性该如何保护乳房防止衰老|0|0|1346749072|1346749072|13
妻间甜蜜的性爱过程中容易产生的5大伤害|data/妻间甜蜜的性爱过程中容易产生的5大伤害|0|0|1346749072|1346749072|13
子宫特殊时期请暂停性生活|data/子宫特殊时期请暂停性生活|0|0|1346749072|1346749072|13
常洗鸳鸯浴的三大危害|data/常洗鸳鸯浴的三大危害|0|0|1346749072|1346749072|13
常跷二郎腿会影响男性生殖健康|data/常跷二郎腿会影响男性生殖健康|0|0|1346749072|1346749072|13
性交后下体骚痒一定要重视|data/性交后下体骚痒一定要重视|0|0|1346749072|1346749072|13
性交时抽筋我们如何应对?|data/性交时抽筋我们如何应对?|0|0|1346749072|1346749072|13
性爱中的六大甜蜜伤害怎么办?|data/性爱中的六大甜蜜伤害怎么办?|0|0|1346749072|1346749072|13
性爱前，哪些地方需要洗？|data/性爱前，哪些地方需要洗？|0|0|1346749072|1346749072|13
性爱时出现血精，怎么办?|data/性爱时出现血精，怎么办?|0|0|1346749072|1346749072|13
性生活的同时保护好你的阴道|data/性生活的同时保护好你的阴道|0|0|1346749072|1346749072|13
性生活过后别用湿巾清洁|data/性生活过后别用湿巾清洁|0|0|1346749072|1346749072|13
性生活雷人危险Top8|data/性生活雷人危险Top8|0|0|1346749072|1346749072|13
打哈欠和伸懒腰对性爱有好处|data/打哈欠和伸懒腰对性爱有好处|0|0|1346749072|1346749072|13
打高尔夫能助“性”|data/打高尔夫能助“性”|0|0|1346749072|1346749072|13
新婚夫妇不宜喝可乐|data/新婚夫妇不宜喝可乐|0|0|1346749072|1346749072|13
新婚夫妻性爱预防哪些疾病?|data/新婚夫妻性爱预防哪些疾病?|0|0|1346749072|1346749072|13
最有益健康的七种性爱姿势|data/最有益健康的七种性爱姿势|0|0|1346749072|1346749072|13
有关性病的预防|data/有关性病的预防|0|0|1346749072|1346749072|13
爱爱时女方肚子疼痛的几大原因?|data/爱爱时女方肚子疼痛的几大原因?|0|0|1346749072|1346749072|13
瑜珈几个动作让你性欲大增|data/瑜珈几个动作让你性欲大增|0|0|1346749072|1346749072|13
男人做好保护JJ让它长久雄风的几种好习惯|data/男人做好保护JJ让它长久雄风的几种好习惯|0|0|1346749072|1346749072|13
男人做性保健从睡觉开始做锻炼|data/男人做性保健从睡觉开始做锻炼|0|0|1346749072|1346749072|13
男人该怎么清洗自己私处?|data/男人该怎么清洗自己私处?|0|0|1346749072|1346749072|13
男人踮脚尖小便可益肾强精|data/男人踮脚尖小便可益肾强精|0|0|1346749072|1346749072|13
男性患哪些性器官疾病不宜做爱?|data/男性患哪些性器官疾病不宜做爱?|0|0|1346749072|1346749072|13
白领们是如何糟蹋他们的乳房的?|data/白领们是如何糟蹋他们的乳房的?|0|0|1346749072|1346749072|13
确保无后顾之忧的准备6份性保险|data/确保无后顾之忧的准备6份性保险|0|0|1346749072|1346749072|13
确保无后顾之忧的准备6份性保险(下)|data/确保无后顾之忧的准备6份性保险(下)|0|0|1346749072|1346749072|13
约会时睾丸胀痛别担心|data/约会时睾丸胀痛别担心|0|0|1346749072|1346749072|13
脊柱穴位按摩可以激发性欲|data/脊柱穴位按摩可以激发性欲|0|0|1346749072|1346749072|13
让男女提高性欲的7项运动|data/让男女提高性欲的7项运动|0|0|1346749072|1346749072|13
记住干活前的一环“洗手”|data/记住干活前的一环“洗手”|0|0|1346749072|1346749072|13
趴着睡对性健康危害最大|data/趴着睡对性健康危害最大|0|0|1346749072|1346749072|13
锻炼阴茎的四种方法|data/锻炼阴茎的四种方法|0|0|1346749072|1346749072|13
阴道痉挛让阴茎无法拔出怎么办|data/阴道痉挛让阴茎无法拔出怎么办|0|0|1346749072|1346749072|13
不同类型乳房的爱抚技巧|data/不同类型乳房的爱抚技巧|0|0|1346749071|1346749071|20
卧室里的“SM”性运动|data/卧室里的“SM”性运动|0|0|1346749071|1346749071|20
后庭刺激对女性意味着什么?|data/后庭刺激对女性意味着什么?|0|0|1346749071|1346749071|20
多点刺激法让你的女人射精|data/多点刺激法让你的女人射精|0|0|1346749071|1346749071|20
女人该如何爱抚男人的阴茎?|data/女人该如何爱抚男人的阴茎?|0|0|1346749071|1346749071|20
女性各性感带爱抚技巧|data/女性各性感带爱抚技巧|0|0|1346749071|1346749071|20
女生用手让男人小弟弟喷射的基本步骤|data/女生用手让男人小弟弟喷射的基本步骤|0|0|1346749071|1346749071|20
性生活夫妻爱按摩顺序技巧|data/性生活夫妻爱按摩顺序技巧|0|0|1346749071|1346749071|20
手脚并用的爱抚|data/手脚并用的爱抚|0|0|1346749071|1346749071|20
步步为营让她饥渴难耐的前戏大法|data/步步为营让她饥渴难耐的前戏大法|0|0|1346749071|1346749071|20
激情性爱时必要的乳房爱抚技巧|data/激情性爱时必要的乳房爱抚技巧|0|0|1346749071|1346749071|20
爱抚女人阴蒂的技巧|data/爱抚女人阴蒂的技巧|0|0|1346749071|1346749071|20
爱抚她的乳房的性爱技巧|data/爱抚她的乳房的性爱技巧|0|0|1346749071|1346749071|20
爱抚男人阴茎的11招|data/爱抚男人阴茎的11招|0|0|1346749071|1346749071|20
用舌头吻遍男人的这些易燃点|data/用舌头吻遍男人的这些易燃点|0|0|1346749071|1346749071|20
给她温柔的爱就要懂得去爱抚她的阴毛|data/给她温柔的爱就要懂得去爱抚她的阴毛|0|0|1346749071|1346749071|20
销魂的床上爱抚技巧|data/销魂的床上爱抚技巧|0|0|1346749071|1346749071|20
阴茎插入之前的爱抚动作|data/阴茎插入之前的爱抚动作|0|0|1346749071|1346749071|20
阴茎说：这样的手技我最爱|data/阴茎说：这样的手技我最爱|0|0|1346749071|1346749071|20
不勃起时也能插入做爱|data/不勃起时也能插入做爱|0|0|1346749071|1346749071|23
控制射精 入门要领很重要|data/控制射精 入门要领很重要|0|0|1346749071|1346749071|23
插入她阴道的次数与频率多少才能征服她到高潮|data/插入她阴道的次数与频率多少才能征服她到高潮|0|0|1346749071|1346749071|23
插入妻子子宫的方法|data/插入妻子子宫的方法|0|0|1346749071|1346749071|23
阴道插入基本方法|data/阴道插入基本方法|0|0|1346749071|1346749071|23
阴道插入经典法则|data/阴道插入经典法则|0|0|1346749071|1346749071|23
如何掌握阴茎插入的最佳时机?|data/如何掌握阴茎插入的最佳时机?|0|0|1347444456|1347444456|23
5招快速启动她的性欲|data/5招快速启动她的性欲|0|0|1346749071|1346749071|18
8个调情小游戏|data/8个调情小游戏|0|0|1346749071|1346749071|18
五个调情方法把性欲勾起来|data/五个调情方法把性欲勾起来|0|0|1346749071|1346749071|18
善穿内裤 提升夫妻生活情趣|data/善穿内裤 提升夫妻生活情趣|0|0|1346749071|1346749071|18
四妙招 令女人突然想做爱|data/四妙招 令女人突然想做爱|0|0|1346749071|1346749071|18
夫妻必会的3个性游戏|data/夫妻必会的3个性游戏|0|0|1346749071|1346749071|18
女人8个细节最具诱惑：穿红衣 轻触锁骨|data/女人8个细节最具诱惑：穿红衣 轻触锁骨|0|0|1346749071|1346749071|18
女人十大经典风骚动作|data/女人十大经典风骚动作|0|0|1346749071|1346749071|18
女人性欲来时的4个小动作|data/女人性欲来时的4个小动作|0|0|1346749071|1346749071|18
女人挑起男人性欲的性暗示技巧|data/女人挑起男人性欲的性暗示技巧|0|0|1346749071|1346749071|18
挣扎or梦幻 让男人流鼻血的10个脱衣姿势|data/挣扎or梦幻 让男人流鼻血的10个脱衣姿势|0|0|1346749071|1346749071|18
模范夫妻推荐几款性爱游戏|data/模范夫妻推荐几款性爱游戏|0|0|1346749071|1346749071|18
激起欲望的十二招催情法|data/激起欲望的十二招催情法|0|0|1346749071|1346749071|18
男人为之疯狂的8个调情小技巧|data/男人为之疯狂的8个调情小技巧|0|0|1346749071|1346749071|18
男女管用的性暗示调情技巧|data/男女管用的性暗示调情技巧|0|0|1346749071|1346749071|18
看电影学12种调情技巧|data/看电影学12种调情技巧|0|0|1346749071|1346749071|18
给女人脱衣服时的技巧|data/给女人脱衣服时的技巧|0|0|1346749071|1346749071|18
让处女和你上床的10句话|data/让处女和你上床的10句话|0|0|1346749071|1346749071|18
让性生活始终保持激情的床上小游戏|data/让性生活始终保持激情的床上小游戏|0|0|1346749071|1346749071|18
让男人拜倒在石榴裙底下的9个姿势|data/让男人拜倒在石榴裙底下的9个姿势|0|0|1346749071|1346749071|18
调情秘籍：用内裤来勾引他|data/调情秘籍：用内裤来勾引他|0|0|1346749071|1346749071|18
隔靴搔痒 探入式调情|data/隔靴搔痒 探入式调情|0|0|1346749071|1346749071|18
19种让女人颤抖的口交姿势|data/19种让女人颤抖的口交姿势|0|0|1346749071|1346749071|24
MM怎样使他的阴茎坚硬无比?|data/MM怎样使他的阴茎坚硬无比?|0|0|1346749071|1346749071|24
丈夫怎么喜欢肛交?|data/丈夫怎么喜欢肛交?|0|0|1346749071|1346749071|24
乳交-让你魂断痴迷的做爱方法|data/乳交-让你魂断痴迷的做爱方法|0|0|1346749071|1346749071|24
乳交基本方法|data/乳交基本方法|0|0|1346749071|1346749071|24
出色口交俘虏芳心|data/出色口交俘虏芳心|0|0|1346749071|1346749071|24
口交的五秘诀-女士必看|data/口交的五秘诀-女士必看|0|0|1346749071|1346749071|24
品桃吹萧要有技巧|data/品桃吹萧要有技巧|0|0|1346749071|1346749071|24
唇手齐用 给他热血贲涨的刺激|data/唇手齐用 给他热血贲涨的刺激|0|0|1346749071|1346749071|24
女人必备的口交技巧|data/女人必备的口交技巧|0|0|1346749071|1346749071|24
女性口交的三个层次|data/女性口交的三个层次|0|0|1346749071|1346749071|24
烙印于心的极限性快感|data/烙印于心的极限性快感|0|0|1346749071|1346749071|24
男人如何为她口交的性技巧指引?|data/男人如何为她口交的性技巧指引?|0|0|1346749071|1346749071|24
白领说自己给男人的口交的经历与技巧|data/白领说自己给男人的口交的经历与技巧|0|0|1346749071|1346749071|24
肛交有什么好处和坏处 如何进行肛交?|data/肛交有什么好处和坏处 如何进行肛交?|0|0|1346749071|1346749071|24
舔女性阴部的详细步骤技巧|data/舔女性阴部的详细步骤技巧|0|0|1346749071|1346749071|24
让女友乐意为自己口交的秘诀技巧|data/让女友乐意为自己口交的秘诀技巧|0|0|1346749071|1346749071|24
让女友都喜欢的肛交技巧|data/让女友都喜欢的肛交技巧|0|0|1346749071|1346749071|24
不可忽略的性生活性爱后戏|data/不可忽略的性生活性爱后戏|0|0|1346749070|1346749070|25
做爱后四件事万不能做|data/做爱后四件事万不能做|0|0|1346749070|1346749070|25
做爱后如何注意卫生问题?|data/做爱后如何注意卫生问题?|0|0|1346749070|1346749070|25
做爱高潮后需做的缠绵事|data/做爱高潮后需做的缠绵事|0|0|1346749070|1346749070|25
夫妻做爱时间可以遵循2∶3∶2的原则(前戏、性交和后戏)|data/夫妻做爱时间可以遵循2∶3∶2的原则(前戏、性交和后戏)|0|0|1346749070|1346749070|25
射精后 还有多少善后工作要做?|data/射精后 还有多少善后工作要做?|0|0|1346749070|1346749070|25
性爱后不可马马虎虎结束|data/性爱后不可马马虎虎结束|0|0|1346749070|1346749070|25
性爱后男人怎样做后戏?|data/性爱后男人怎样做后戏?|0|0|1346749070|1346749070|25
性生活后需要避冷|data/性生活后需要避冷|0|0|1346749070|1346749070|25
男人性爱后科学的恢复精力|data/男人性爱后科学的恢复精力|0|0|1346749070|1346749070|25
让你性高潮之后有所不同的四密招|data/让你性高潮之后有所不同的四密招|0|0|1346749070|1346749070|25
6个简单又好用的性爱提升性技巧|data/6个简单又好用的性爱提升性技巧|0|0|1346749072|1346749072|17
6绝招让你的女人性福|data/6绝招让你的女人性福|0|0|1346749072|1346749072|17
7种野战场地需要注意的事项|data/7种野战场地需要注意的事项|0|0|1346749072|1346749072|17
“九浅一深”性交运动新变化|data/“九浅一深”性交运动新变化|0|0|1346749072|1346749072|17
一时性起，野炮初体验|data/一时性起，野炮初体验|0|0|1346749072|1346749072|17
不可思议八大性爱“野战”地点|data/不可思议八大性爱“野战”地点|0|0|1346749072|1346749072|17
两性兵法：最甜蜜的7种嘿咻类型|data/两性兵法：最甜蜜的7种嘿咻类型|0|0|1346749072|1346749072|17
九性爱秘诀让你越来越性福|data/九性爱秘诀让你越来越性福|0|0|1346749072|1346749072|17
伟哥使用说明|data/伟哥使用说明|0|0|1346749072|1346749072|17
值得学习的性爱12奇招|data/值得学习的性爱12奇招|0|0|1346749072|1346749072|17
全天7个时段的完美性爱方案|data/全天7个时段的完美性爱方案|0|0|1346749072|1346749072|17
关于四种基本的性交形式|data/关于四种基本的性交形式|0|0|1346749072|1346749072|17
哪些情况下不宜性交?|data/哪些情况下不宜性交?|0|0|1346749072|1346749072|17
在车内做爱的技巧(以宝马为例)|data/在车内做爱的技巧(以宝马为例)|0|0|1346749072|1346749072|17
增加性爱情趣的十招|data/增加性爱情趣的十招|0|0|1346749072|1346749072|17
夫妻情侣野战技巧以及要注意的问题|data/夫妻情侣野战技巧以及要注意的问题|0|0|1346749072|1346749072|17
女人们让男人臣服的性技巧|data/女人们让男人臣服的性技巧|0|0|1346749072|1346749072|17
女人如何回应男人的抚慰?|data/女人如何回应男人的抚慰?|0|0|1346749072|1346749072|17
女人最爱的性爱房事技巧男人需懂|data/女人最爱的性爱房事技巧男人需懂|0|0|1346749072|1346749072|17
女人都受不了的高潮技巧|data/女人都受不了的高潮技巧|0|0|1346749072|1346749072|17
女性最爱的4大交欢场所|data/女性最爱的4大交欢场所|0|0|1346749072|1346749072|17
巧用镜子令性爱更狂野|data/巧用镜子令性爱更狂野|0|0|1346749072|1346749072|17
床上聊什么最“助性”：多夸赞少牢骚|data/床上聊什么最“助性”：多夸赞少牢骚|0|0|1346749072|1346749072|17
弄清女性生理周期再做爱|data/弄清女性生理周期再做爱|0|0|1346749072|1346749072|17
性爱中的禁忌|data/性爱中的禁忌|0|0|1346749072|1346749072|17
性爱也要有点“留白”|data/性爱也要有点“留白”|0|0|1346749072|1346749072|17
性爱技巧的关键在于变化|data/性爱技巧的关键在于变化|0|0|1346749072|1346749072|17
性爱时，该听什么音乐?|data/性爱时，该听什么音乐?|0|0|1346749072|1346749072|17
性爱的另类玩法之--SM性技巧|data/性爱的另类玩法之--SM性技巧|0|0|1346749072|1346749072|17
性爱的标准动作与步骤|data/性爱的标准动作与步骤|0|0|1346749072|1346749072|17
性爱缺一不可的三个阶段|data/性爱缺一不可的三个阶段|0|0|1346749072|1346749072|17
情侣外出旅游如何玩野战?|data/情侣外出旅游如何玩野战?|0|0|1346749072|1346749072|17
房中做爱地点排行TOP5|data/房中做爱地点排行TOP5|0|0|1346749072|1346749072|17
打造你的独特性爱风格|data/打造你的独特性爱风格|0|0|1346749072|1346749072|17
水中做爱，你尝试过吗?|data/水中做爱，你尝试过吗?|0|0|1346749072|1346749072|17
牙膏可以让性爱更加持久|data/牙膏可以让性爱更加持久|0|0|1346749072|1346749072|17
男人喜欢的捆绑性游戏以及扮演角色的性技巧|data/男人喜欢的捆绑性游戏以及扮演角色的性技巧|0|0|1346749072|1346749072|17
男人性爱的七个要诀|data/男人性爱的七个要诀|0|0|1346749072|1346749072|17
男女亲密时的标准步骤|data/男女亲密时的标准步骤|0|0|1346749072|1346749072|17
男女各种拥抱方式|data/男女各种拥抱方式|0|0|1346749072|1346749072|17
男快女慢怎样做到性同步|data/男快女慢怎样做到性同步|0|0|1346749072|1346749072|17
穿高跟鞋做爱的四种方式|data/穿高跟鞋做爱的四种方式|0|0|1346749072|1346749072|17
练练夫妻性爱的基本功|data/练练夫妻性爱的基本功|0|0|1346749072|1346749072|17
蝴蝶式的G点性刺激|data/蝴蝶式的G点性刺激|0|0|1346749072|1346749072|17
让任何女人都受不了的性技巧|data/让任何女人都受不了的性技巧|0|0|1346749072|1346749072|17
让女人尽性的4大花招|data/让女人尽性的4大花招|0|0|1346749072|1346749072|17
让女人快速高潮的基本方式|data/让女人快速高潮的基本方式|0|0|1346749072|1346749072|17
车震玩得过瘾的爱爱技巧|data/车震玩得过瘾的爱爱技巧|0|0|1346749072|1346749072|17
7种浪漫的吻技|data/7种浪漫的吻技|0|0|1346749071|1346749071|19
Kiss另类篇|data/Kiss另类篇|0|0|1346749071|1346749071|19
三种最佳口型的接吻解析|data/三种最佳口型的接吻解析|0|0|1346749071|1346749071|19
中国女性最反感的四种接吻方式|data/中国女性最反感的四种接吻方式|0|0|1346749071|1346749071|19
亲吻恋人吻落何处最高明?|data/亲吻恋人吻落何处最高明?|0|0|1346749071|1346749071|19
亲吻留痕挑地方|data/亲吻留痕挑地方|0|0|1346749071|1346749071|19
做爱前奏 浪漫亲吻训练班|data/做爱前奏 浪漫亲吻训练班|0|0|1346749071|1346749071|19
初吻必读|data/初吻必读|0|0|1346749071|1346749071|19
吻颈技巧|data/吻颈技巧|0|0|1346749071|1346749071|19
女孩初吻必读：睁眼接吻是最大禁忌|data/女孩初吻必读：睁眼接吻是最大禁忌|0|0|1346749071|1346749071|19
怎样接吻才是最享受的?|data/怎样接吻才是最享受的?|0|0|1346749071|1346749071|19
性爱前戏的完美接吻需要这样的技巧|data/性爱前戏的完美接吻需要这样的技巧|0|0|1346749071|1346749071|19
接吻-不同部位不同的感|data/接吻-不同部位不同的感觉|0|0|1346749071|1346749071|19
接吻必须注意的的五个问题|data/接吻必须注意的的五个问题|0|0|1346749071|1346749071|19
接吻的三个层次|data/接吻的三个层次|0|0|1346749071|1346749071|19
接吻的科学|data/接吻的科学|0|0|1346749071|1346749071|19
接吻第一课-基本步骤|data/接吻第一课-基本步骤|0|0|1346749071|1346749071|19
接吻第一课-注意事项|data/接吻第一课-注意事项|0|0|1346749071|1346749071|19
浑身触电的绝妙“吻技”|data/浑身触电的绝妙“吻技”|0|0|1346749071|1346749071|19
真空式接吻的方法|data/真空式接吻的方法|0|0|1346749071|1346749071|19
让你一吻定情的方法|data/让你一吻定情的方法|0|0|1346749071|1346749071|19
让女人失望到极点的接吻技巧|data/让女人失望到极点的接吻技巧|0|0|1346749071|1346749071|19
让男人很激动的10个女性接吻技巧|data/让男人很激动的10个女性接吻技巧|0|0|1346749071|1346749071|19
适合女人学的8种销魂的接吻花样|data/适合女人学的8种销魂的接吻花样|0|0|1346749071|1346749071|19
36个另类前戏小技巧|data/36个另类前戏小技巧|0|0|1346749071|1346749071|21
4个时刻前戏可以省掉前奏|data/4个时刻前戏可以省掉前奏|0|0|1346749071|1346749071|21
6招成就完美前戏|data/6招成就完美前戏|0|0|1346749071|1346749071|21
做爱前戏三问答|data/做爱前戏三问答|0|0|1346749071|1346749071|21
判断前戏效果的四窍门|data/判断前戏效果的四窍门|0|0|1346749071|1346749071|21
前戏时你的手应该放哪里?|data/前戏时你的手应该放哪里?|0|0|1346749071|1346749071|21
前戏是什么?|data/前戏是什么?|0|0|1346749071|1346749071|21
前戏是女性过性生活和谐的关键|data/前戏是女性过性生活和谐的关键|0|0|1346749071|1346749071|21
女人渴望被抚摸的神秘部位|data/女人渴望被抚摸的神秘部位|0|0|1346749071|1346749071|21
怎样帮伴侣擦润滑油?|data/怎样帮伴侣擦润滑油?|0|0|1346749071|1346749071|21
性生活中性爱抚的部位和手法|data/性生活中性爱抚的部位和手法|0|0|1346749071|1346749071|21
最好的前戏 教男人为伴侣按摩|data/最好的前戏 教男人为伴侣按摩|0|0|1346749071|1346749071|21
最完美的爱抚方式|data/最完美的爱抚方式|0|0|1346749071|1346749071|21
正确爱抚女性乳房的几个步骤|data/正确爱抚女�乳房的几个步骤|0|0|1346749071|1346749071|21
精油按摩法让情欲暴增|data/精油按摩法让情欲暴增|0|0|1346749071|1346749071|21
耳朵也是女人的敏感区|data/耳朵也是女人的敏感区|0|0|1346749071|1346749071|21
让她欲罢不能欲死欲仙的几分钟的性爱前戏|data/让她欲罢不能欲死欲仙的几分钟的性爱前戏|0|0|1346749071|1346749071|21
迂回前进才是“长久”之计|data/迂回前进才是“长久”之计|0|0|1346749071|1346749071|21
14种性爱姿势|data/14种性爱姿势|0|0|1346749071|1346749071|22
十二个经典性爱动作教程|data/十二个经典性爱动作教程|0|0|1346749071|1346749071|22
各国经典性爱姿势盘点|data/各国经典性爱姿势盘点|0|0|1346749071|1346749071|22
后入式性交全攻略|data/后入式性交全攻略|0|0|1346749071|1346749071|22
女人口述她最爱最喜欢的姿势|data/女人口述她最爱最喜欢的姿势|0|0|1346749071|1346749071|22
女人最爱的各种性爱姿势大盘点|data/女人最爱的各种性爱姿势大盘点|0|0|1346749071|1346749071|22
简述25种做爱姿势|data/简述25种做爱姿势|0|0|1346749071|1346749071|22
蝴蝶式性爱姿势 直接刺激G点|data/蝴蝶式性爱姿势 直接刺激G点|0|0|1346749071|1346749071|22
讨论一下常见的三种性爱姿势|data/讨论一下常见的三种性爱姿势|0|0|1346749071|1346749071|22
让你飘飘欲仙的性爱真经|data/让你飘飘欲仙的性爱真经|0|0|1346749071|1346749071|22
让女性在传教士体位中获得更多快感的方法|data/让女性在传教士体位中获得更多快感的方法|0|0|1346749071|1346749071|22
适合男性疲倦时的4个性爱姿势|data/适合男性疲倦时的4个性爱姿势|0|0|1346749071|1346749071|22
性爱姿势看我72变(01)|data/性爱姿势看我72变(01)|0|0|1347443296|1347443296|22
性爱姿势看我72变(02)|data/性爱姿势看我72变(02)|0|0|1347443360|1347443360|22
性爱姿势看我72变(03）|data/性爱姿势看我72变(03）|0|0|1347443399|1347443399|22
性爱姿势看我72变(06）|data/性爱姿势看我72变(06）|0|0|1347443430|1347443430|22
性爱姿势看我72变(04）|data/性爱姿势看我72变(04）|0|0|1347443434|1347443434|22
性爱姿势看我72变(05）|data/性爱姿势看我72变(05）|0|0|1347443434|1347443434|22
性爱姿势看我72变(07)|data/性爱姿势看我72变(07)|0|0|1347443440|1347443440|22
性爱姿势看我72变(09)|data/性爱姿势看我72变(09)|0|0|1347443466|1347443466|22
性爱姿势看我72变(10）|data/性爱姿势看我72变(10）|0|0|1347443478|1347443478|22
性爱姿势看我72变(11）|data/性爱姿势看我72变(11）|0|0|1347443491|1347443491|22
性爱姿势看我72变(12）|data/性爱姿势看我72变(12）|0|0|1347443525|1347443525|22
性爱姿势看我72变(08)|data/性爱姿势看我72变(08)|0|0|1347443575|1347443575|22
浴室里的缠绵性爱姿势|data/浴室里的缠绵性爱姿势|0|0|1347443859|1347443859|22
男上位与女上位的新花样|data/男上位与女上位的新花样|0|0|1347444565|1347444565|22
详解五种性爱姿势|data/详解五种性爱姿势|0|0|1347453007|1347453007|22
几种男性自慰手淫方法|data/几种男性自慰手淫方法|0|0|1346749071|1346749071|26
正确使用泄欲器具五个诀窍|data/正确使用泄欲器具五个诀窍|0|0|1346749071|1346749071|26
男人远离寂寞的独门7式自慰术|data/男人远离寂寞的独门7式自慰术|0|0|1346749071|1346749071|26
女人自摸技巧大公开|data/女人自摸技巧大公开|0|0|1346749070|1346749070|27
女性的自慰方式|data/女性的自慰方式|0|0|1346749070|1346749070|27
女性自慰手淫方法大全|data/女性自慰手淫方法大全|0|0|1346749070|1346749070|27
19岁小女友居然还带着个4岁儿子|data/19岁小女友居然还带着个4岁儿子|0|0|1346749076|1346749076|1
1年的婚姻断送8年的爱情|data/1年的婚姻断送8年的爱情|0|0|1346749076|1346749076|1
30岁男人的一夜 19岁女孩的一生|data/30岁男人的一夜 19岁女孩的一生|0|0|1346749076|1346749076|1
一厢情愿 我只是他20天临时情人|data/一厢情愿 我只是他20天临时情人|0|0|1346749076|1346749076|1
一夜情 女人的“收支”是否平衡|data/一夜情 女人的“收支”是否平衡|0|0|1346749076|1346749076|1
丈夫说我像妓女将我打得血流不止|data/丈夫说我像妓女将我打得血流不止|0|0|1346749076|1346749076|1
临近婚期 无情老公放弃我傍富婆|data/临近婚期 无情老公放弃我傍富婆|0|0|1346749076|1346749076|1
为财产我故意让公公蹂躏我的肉体|data/为财产我故意让公公蹂躏我的肉体|0|0|1346749076|1346749076|1
他要我和别的男人上床|data/他要我和别的男人上床|0|0|1346749076|1346749076|1
何时我竟沦落成他人口中的荡妇|data/何时我竟沦落成他人口中的荡妇|0|0|1346749076|1346749076|1
公公乱穿老公睡衣让我尴尬认错人|data/公公乱穿老公睡衣让我尴尬认错人|0|0|1346749076|1346749076|1
准岳父竟用20万来扼杀我的真情|data/准岳父竟用20万来扼杀我的真情|0|0|1346749076|1346749076|1
包容成了放纵他竟理直气壮的背叛|data/包容成了放纵他竟理直气壮的背叛|0|0|1346749076|1346749076|1
单身亦乐活 3个单身女人的幸福|data/单身亦乐活 3个单身女人的幸福|0|0|1346749076|1346749076|1
去串门老婆想和姐夫睡 打发我回家|data/去串门老婆想和姐夫睡 打发我回家|0|0|1346749076|1346749076|1
只因胸太大 男人都对我望而却步|data/只因胸太大 男人都对我望而却步|0|0|1346749076|1346749076|1
可恨老公要我参与他的换妻性游戏|data/可恨老公要我参与他的换妻性游戏|0|0|1346749076|1346749076|1
同居 让爱迷失在亲密的那段时光|data/同居 让爱迷失在亲密的那段时光|0|0|1346749076|1346749076|1
和不爱的人做爱 只为父母抱孙子|data/和不爱的人做爱 只为父母抱孙子|0|0|1346749076|1346749076|1
善用谎言 让他对我爱的死去活来|data/善用谎言 让他对我爱的死去活来|0|0|1346749076|1346749076|1
因我平胸 男友送D罩杯内衣讽刺我|data/因我平胸 男友送D罩杯内衣讽刺我|0|0|1346749076|1346749076|1
在同性婚姻枷锁中过着无性的生活|data/在同性婚姻枷锁中过着无性的生活|0|0|1346749076|1346749076|1
多次怀孕 男友竟说是我的责任|data/多次怀孕 男友竟说是我的责任|0|0|1346749076|1346749076|1
夜夜激情依然满足不了他的欲望|data/夜夜激情依然满足不了他的欲望|0|0|1346749076|1346749076|1
奔三女讲述 年轻女孩还不会享受|data/奔三女讲述 年轻女孩还不会享受|0|0|1346749076|1346749076|1
女友嫌我穷 去夜店找富豪献媚|data/女友嫌我穷 去夜店找富豪献媚|0|0|1346749076|1346749076|1
女友怀孕后我被告知孩子不是我的|data/女友怀孕后我被告知孩子不是我的|0|0|1346749076|1346749076|1
女友说只有我买了房才能接吻上床|data/女友说只有我买了房才能接吻上床|0|0|1346749076|1346749076|1
女房东大胆示爱害得我落荒而逃|data/女房东大胆示爱害得我落荒而逃|0|0|1346749076|1346749076|1
女郎敲门 竟问老公为何不接电话|data/女郎敲门 竟问老公为何不接电话|0|0|1346749076|1346749076|1
她约我出来只为让我帮她破处女膜|data/她约我出来只为让我帮她破处女膜|0|0|1346749076|1346749076|1
婆婆偷听我们爱爱 公公偷拿我们套套|data/婆婆偷听我们爱爱 公公偷拿我们套套|0|0|1346749076|1346749076|1
婆婆摄像头偷窥房事 批我像小姐|data/婆婆摄像头偷窥房事 批我像小姐|0|0|1346749076|1346749076|1
婚前 女友让我和她闺蜜试睡一夜|data/婚前 女友让我和她闺蜜试睡一夜|0|0|1346749076|1346749076|1
婚期将近男友偷吃让别人怀孕|data/婚期将近男友偷吃让别人怀孕|0|0|1346749076|1346749076|1
婚礼上 前夫曝我第一次的细节|data/婚礼上 前夫曝我第一次的细节|0|0|1346749076|1346749076|1
嫁了“富二代” 我的性福去哪了|data/嫁了“富二代” 我的性福去哪了|0|0|1346749076|1346749076|1
家庭冷暴力让我“冷”到痛彻心扉|data/家庭冷暴力让我“冷”到痛彻心扉|0|0|1346749076|1346749076|1
富豪千万想换我女友 我有点动摇|data/富豪千万想换我女友 我有点动摇|0|0|1346749076|1346749076|1
小三抢先怀孕 婆婆居然劝我让位|data/小三抢先怀孕 婆婆居然劝我让位|0|0|1346749076|1346749076|1
尴尬被偷拍网上直播我和老公性爱|data/尴尬被偷拍网上直播我和老公性爱|0|0|1346749076|1346749076|1
彪悍的夫家让我只做了22天的新娘|data/彪悍的夫家让我只做了22天的新娘|0|0|1346749076|1346749076|1
怀孕做威胁 你只能得到无爱婚姻|data/怀孕做威胁 你只能得到无爱婚姻|0|0|1346749076|1346749076|1
悔意晚矣六次流产醒悟不该当小三|data/悔意晚矣六次流产醒悟不该当小三|0|0|1346749076|1346749076|1
情敌是生活中最了解你的那个女人|data/情敌是生活中最了解你的那个女人|0|0|1346749076|1346749076|1
我与寂寞少妇的那一夜激情狂欢|data/我与寂寞少妇的那一夜激情狂欢|0|0|1346749076|1346749076|1
我与教练激情裸泳 逾越最后底线|data/我与教练激情裸泳 逾越最后底线|0|0|1346749076|1346749076|1
我和老公嘿咻太吵 遭婆婆砸门|data/我和老公嘿咻太吵 遭婆婆砸门|0|0|1346749076|1346749076|1
我和老公在火车上嘿咻遭骂|data/我和老公在火车上嘿咻遭骂|0|0|1346749076|1346749076|1
我拿性感诱人的胴体来征服男人|data/我拿性感诱人的胴体来征服男人|0|0|1346749076|1346749076|1
我玩一夜情来报复老公的精神出轨|data/我玩一夜情来报复老公的精神出轨|0|0|1346749076|1346749076|1
我用下体拯救留守妇女的空虚寂寞|data/我用下体拯救留守妇女的空虚寂寞|0|0|1346749076|1346749076|1
我的“裸”婚不被父母认同|data/我的“裸”婚不被父母认同|0|0|1346749076|1346749076|1
我真后悔把第一次献给了情场老手|data/我真后悔把第一次献给了情场老手|0|0|1346749076|1346749076|1
我离婚求真爱却遭情人玩弄背叛|data/我离婚求真爱却遭情人玩弄背叛|0|0|1346749076|1346749076|1
我被男友夺去初夜后犯贱倒贴|data/我被男友夺去初夜后犯贱倒贴|0|0|1346749076|1346749076|1
护士老婆上班时间老是骗我回家|data/护士老婆上班时间老是骗我回家|0|0|1346749076|1346749076|1
新婚夜和老公疯狂欢爱 我很满足|data/新婚夜和老公疯狂欢爱 我很满足|0|0|1346749076|1346749076|1
新婚蜜月归来 老公让伴娘怀了孕|data/新婚蜜月归来 老公让伴娘怀了孕|0|0|1346749076|1346749076|1
无情男友说不和他上床就是不爱他|data/无情男友说不和他上床就是不爱他|0|0|1346749076|1346749076|1
无耻老公出轨夸女同事床技比我强|data/无耻老公出轨夸女同事床技比我强|0|0|1346749076|1346749076|1
校长将“魔爪”伸进我的裙子里|data/校长将“魔爪”伸进我的裙子里|0|0|1346749076|1346749076|1
母亲为钱财将我打造成职业情妇|data/母亲为钱财将我打造成职业情妇|0|0|1346749076|1346749076|1
洞房夜 老婆生气一脚把我踹下床|data/洞房夜 老婆生气一脚把我踹下床|0|0|1346749076|1346749076|1
洞房夜老公让我模仿他前妻的姿势|data/洞房夜老公让我模仿他前妻的姿势|0|0|1346749076|1346749076|1
热恋半年 男友对我没有“冲动”|data/热恋半年 男友对我没有“冲动”|0|0|1346749076|1346749076|1
爱子心切 老公让前妻给孩子喂奶|data/爱子心切 老公让前妻给孩子喂奶|0|0|1346749076|1346749076|1
爱玩暧昧的男人真不值得我相信|data/爱玩暧昧的男人真不值得我相信|0|0|1346749076|1346749076|1
男友不顾我意愿强行纵欲|data/男友不顾我意愿强行纵欲|0|0|1346749076|1346749076|1
男友因我不奉献处女之身纵然分手|data/男友因我不奉献处女之身纵然分手|0|0|1346749076|1346749076|1
男友把套套藏进闺蜜的文胸|data/男友把套套藏进闺蜜的文胸|0|0|1346749076|1346749076|1
男友撞见我出轨 送我一盒套套|data/男友撞见我出轨 送我一盒套套|0|0|1346749076|1346749076|1
男友每次见面都逼我献初夜|data/男友每次见面都逼我献初夜|0|0|1346749076|1346749076|1
男友的“变态习惯”成分手的理由|data/男友的“变态习惯”成分手的理由|0|0|1346749076|1346749076|1
男友逼婚逼同房 行为就像偏执狂|data/男友逼婚逼同房 行为就像偏执狂|0|0|1346749076|1346749076|1
疯狂!我竟和顺风车司机车内偷情|data/疯狂!我竟和顺风车司机车内偷情|0|0|1346749076|1346749076|1
看见老公抱着闺蜜大腿午休|data/看见老公抱着闺蜜大腿午休|0|0|1346749076|1346749076|1
离婚后怀孕 相当狗血的杯具恋情|data/离婚后怀孕 相当狗血的杯具恋情|0|0|1346749076|1346749076|1
秉性难移 男友居然惦记上我朋友|data/秉性难移 男友居然惦记上我朋友|0|0|1346749076|1346749076|1
穿丝袜太性感 老公骂我像妓女|data/穿丝袜太性感 老公骂我像妓女|0|0|1346749076|1346749076|1
窝囊废老公居然逼我出钱买婚房|data/窝囊废老公居然逼我出钱买婚房|0|0|1346749076|1346749076|1
给虚伪无味的爱情一记响亮的耳光|data/给虚伪无味的爱情一记响亮的耳光|0|0|1346749076|1346749076|1
继父叫我起床时总摸我胸部|data/继父叫我起床时总摸我胸部|0|0|1346749076|1346749076|1
老公出轨是因为我床技差|data/老公出轨是因为我床技差|0|0|1346749076|1346749076|1
老公出轨有理 还诅咒我下辈子当小姐|data/老公出轨有理 还诅咒我下辈子当小姐|0|0|1346749076|1346749076|1
老公嗜好A片 常背着我风花雪月|data/老公嗜好A片 常背着我风花雪月|0|0|1346749076|1346749076|1
老公天天都要爱爱 害我伤痕累累|data/老公天天都要爱爱 害我伤痕累累|0|0|1346749076|1346749076|1
老公归来 内裤上带着用过的套套|data/老公归来 内裤上带着用过的套套|0|0|1346749076|1346749076|1
老公总是色色的把手搭我的胸上|data/老公总是色色的把手搭我的胸上|0|0|1346749076|1346749076|1
老公执着工作 我只好背着他偷腥|data/老公执着工作 我只好背着他偷腥|0|0|1346749076|1346749076|1
老公拿裸照赌博 逼我和赌友睡觉|data/老公拿裸照赌博 逼我和赌友睡觉|0|0|1346749076|1346749076|1
老公竟是同志 婚后房事该如何做|data/老公竟是同志 婚后房事该如何做|0|0|1346749076|1346749076|1
老公荤段子太多 管爱爱叫“坐电梯”|data/老公荤段子太多 管爱爱叫“坐电梯”|0|0|1346749076|1346749076|1
老公说爱上女同事在“情理之中”|data/老公说爱上女同事在“情理之中”|0|0|1346749076|1346749076|1
老婆床上功夫了得 凶猛想吸干我|data/老婆床上功夫了得 凶猛想吸干我|0|0|1346749076|1346749076|1
老婆打败小三后疯狂追踪我崩溃|data/老婆打败小三后疯狂追踪我崩溃|0|0|1346749076|1346749076|1
老婆洞房夜装处女 被我妈揭穿|data/老婆洞房夜装处女 被我妈揭穿|0|0|1346749076|1346749076|1
老婆让我模仿楼上邻居的嘿咻声|data/老婆让我模仿楼上邻居的嘿咻声|0|0|1346749076|1346749076|1
自惭形秽 老公的胸部比我都丰满|data/自惭形秽 老公的胸部比我都丰满|0|0|1346749076|1346749076|1
蜜月期间 婆婆18次打断我们房事|data/蜜月期间 婆婆18次打断我们房事|0|0|1346749076|1346749076|1
逆境中爱情暗生 事后却无心待我|data/逆境中爱情暗生 事后却无心待我|0|0|1346749076|1346749076|1
造化弄人 因一字错别一生的情缘|data/造化弄人 因一字错别一生的情缘|0|0|1346749076|1346749076|1
那些年我们一起毕业时的爱情故事|data/那些年我们一起毕业时的爱情故事|0|0|1346749076|1346749076|1
闪婚后 老公的性能力不能满足我|data/闪婚后 老公的性能力不能满足我|0|0|1346749076|1346749076|1
闪婚－只有激情没有真情|data/闪婚－只有激情没有真情|0|0|1346749076|1346749076|1
闺蜜劝我放弃男友自己却趁虚而入|data/闺蜜劝我放弃男友自己却趁虚而入|0|0|1346749076|1346749076|1
闺蜜趁我外出 勾引老公缠绵偷情|data/闺蜜趁我外出 勾引老公缠绵偷情|0|0|1346749076|1346749076|1
青梅竹马玩弄我之后又上了别人床|data/青梅竹马玩弄我之后又上了别人床|0|0|1346749076|1346749076|1
面对男友质疑 是否如实交代性事|data/面对男友质疑 是否如实交代性事|0|0|1346749076|1346749076|1
潜规则 身兼秘书与情人|data/潜规则 身兼秘书与情人|0|0|1348494742|1348494742|1
10个细节 证明男友真的想娶你|data/10个细节 证明男友真的想娶你|0|0|1346749074|1346749074|2
10狠招 让花心男没机会出轨|data/10狠招 让花心男没机会出轨|0|0|1346749074|1346749074|2
10种“好男人”其实最花心|data/10种“好男人”其实最花心|0|0|1346749074|1346749074|2
10种“枷锁”让他没有偷腥的机会|data/10种“枷锁”让他没有偷腥的机会|0|0|1346749074|1346749074|2
10细节 判断男人值不值得你去爱|data/10细节 判断男人值不值得你去爱|0|0|1346749074|1346749074|2
11个错觉并非爱情来了|data/11个错觉并非爱情来了|0|0|1346749074|1346749074|2
20个让老婆开心的方法|data/20个让老婆开心的方法|0|0|1346749074|1346749074|2
30岁女人 16个方式hold住你的魅力|data/30岁女人 16个方式hold住你的魅力|0|0|1346749074|1346749074|2
3招电话谈恋爱技巧让你越聊越爱|data/3招电话谈恋爱技巧让你越聊越爱|0|0|1346749074|1346749074|2
5招扫清男人身边的“暧昧女”|data/5招扫清男人身边的“暧昧女”|0|0|1346749074|1346749074|2
7个举动 会让老公觉得你很“贱”|data/7个举动 会让老公觉得你很“贱”|0|0|1346749074|1346749074|2
7大理由 女人比男人更有条件出轨|data/7大理由 女人比男人更有条件出轨|0|0|1346749074|1346749074|2
7种女人 永远得不到男人的爱|data/7种女人 永远得不到男人的爱|0|0|1346749074|1346749074|2
7种女人 男人只会玩玩就算|data/7种女人 男人只会玩玩就算|0|0|1346749074|1346749074|2
8个已经过时的恋爱法则 小心被甩|data/8个已经过时的恋爱法则 小心被甩|0|0|1346749074|1346749074|2
8类女人爱搞外遇|data/8类女人爱搞外遇|0|0|1346749074|1346749074|2
“口腔期”的男人为什么喜欢摸胸？|data/“口腔期”的男人为什么喜欢摸胸？|0|0|1346749074|1346749074|2
不用口是心非 10小暗示说明你没那么爱他|data/不用口是心非 10小暗示说明你没那么爱他|0|0|1346749074|1346749074|2
与上司相处好 夫妻更和睦|data/与上司相处好 夫妻更和睦|0|0|1346749074|1346749074|2
中年男人“爱无能”：爱情熟透了|data/中年男人“爱无能”：爱情熟透了|0|0|1346749074|1346749074|2
为什么偷了腥的女人更得男人爱？|data/为什么偷了腥的女人更得男人爱？|0|0|1346749074|1346749074|2
为什么越爱一个人 越想和他吵架？|data/为什么越爱一个人 越想和他吵架？|0|0|1346749074|1346749074|2
为爱情合理解决男人的8个“瘾”|data/为爱情合理解决男人的8个“瘾”|0|0|1346749074|1346749074|2
了解6种爱情需求让幸福唾手可得|data/了解6种爱情需求让幸福唾手可得|0|0|1346749074|1346749074|2
从相识到领证必经的恋爱4步曲|data/从相识到领证必经的恋爱4步曲|0|0|1346749074|1346749074|2
从面相就能看出他疼不疼老婆|data/从面相就能看出他疼不疼老婆|0|0|1346749074|1346749074|2
你对另一半有依赖“强迫症”吗？|data/你对另一半有依赖“强迫症”吗？|0|0|1346749074|1346749074|2
关于前女友的10句谎言 贱男都会这么说|data/关于前女友的10句谎言 贱男都会这么说|0|0|1346749074|1346749074|2
内裤袜子 从私密物件看穿男人出轨阴谋|data/内裤袜子 从私密物件看穿男人出轨阴谋|0|0|1346749074|1346749074|2
出轨男的5句实话 让小三躺着中枪|data/出轨男的5句实话 让小三躺着中枪|0|0|1346749074|1346749074|2
别信：男人甩你时的9个惯用谎言|data/别信：男人甩你时的9个惯用谎言|0|0|1346749074|1346749074|2
别触碰 最让女人痛苦的8种恋爱|data/别触碰 最让女人痛苦的8种恋爱|0|0|1346749074|1346749074|2
别过分招惹女人 小心你无路可退|data/别过分招惹女人 小心你无路可退|0|0|1346749074|1346749074|2
单身必备：4招让你的桃花旺起来|data/单身必备：4招让你的桃花旺起来|0|0|1346749074|1346749074|2
句句揪心：男人想离婚的20个理由|data/句句揪心：男人想离婚的20个理由|0|0|1346749074|1346749074|2
各国男人适嫁指数大揭秘：德国男最靠谱|data/各国男人适嫁指数大揭秘：德国男最靠谱|0|0|1346749074|1346749074|2
向妹子吹口哨的时代已经过去了|data/向妹子吹口哨的时代已经过去了|0|0|1346749074|1346749074|2
喜欢娃很靠谱 5种男人嫁了不后悔|data/喜欢娃很靠谱 5种男人嫁了不后悔|0|0|1346749074|1346749074|2
喜欢被男友强吻 女人都有的21个可爱秘密|data/喜欢被男友强吻 女人都有的21个可爱秘密|0|0|1346749074|1346749074|2
嘿咻时求爱 5个最具创意的求婚方式|data/嘿咻时求爱 5个最具创意的求婚方式|0|0|1346749074|1346749074|2
坏男人懂得何时挑起女人的兴奋|data/坏男人懂得何时挑起女人的兴奋|0|0|1346749074|1346749074|2
处女or宅男 10类人不适合同居|data/处女or宅男 10类人不适合同居|0|0|1346749074|1346749074|2
处男必知：女生的13个恋爱秘密|data/处男必知：女生的13个恋爱秘密|0|0|1346749074|1346749074|2
女人8种恋爱观 永远钓不到高富帅|data/女人8种恋爱观 永远钓不到高富帅|0|0|1346749074|1346749074|2
女人一生绝不能失去的8样东西|data/女人一生绝不能失去的8样东西|0|0|1346749074|1346749074|2
女人在爱情中的7种盲目表现|data/女人在爱情中的7种盲目表现|0|0|1346749074|1346749074|2
女人婚前禁做的10大傻事|data/女人婚前禁做的10大傻事|0|0|1346749074|1346749074|2
女人必学：最让男人心花怒放的6句话|data/女人必学：最让男人心花怒放的6句话|0|0|1346749074|1346749074|2
女人必知：爱上老男人的5大危害|data/女人必知：爱上老男人的5大危害|0|0|1346749074|1346749074|2
女人成为情圣必经的10道坎|data/女人成为情圣必经的10道坎|0|0|1346749074|1346749074|2
女人爱上男人的10个“傻”表现|data/女人爱上男人的10个“傻”表现|0|0|1346749074|1346749074|2
女人爱情成熟的8个标志|data/女人爱情成熟的8个标志|0|0|1346749074|1346749074|2
女友大点又何妨 男人其实都爱姐姐|data/女友大点又何妨 男人其实都爱姐姐|0|0|1346749074|1346749074|2
女友想让你娶她的10个暗示|data/女友想让你娶她的10个暗示|0|0|1346749074|1346749074|2
她比男人强悍 8点教你看透女人心|data/她比男人强悍 8点教你看透女人心|0|0|1346749074|1346749074|2
好色出轨男的5大悲催结局|data/好色出轨男的5大悲催结局|0|0|1346749074|1346749074|2
如何踩着坏男人的肩膀找幸福？|data/如何踩着坏男人的肩膀找幸福？|0|0|1346749074|1346749074|2
婚姻亮起红灯的10信号|data/婚姻亮起红灯的10信号|0|0|1346749074|1346749074|2
婚恋交往离不开的4大原则|data/婚恋交往离不开的4大原则|0|0|1346749074|1346749074|2
学会自恋 女人必读的17条爱情规则|data/学会自恋 女人必读的17条爱情规则|0|0|1346749074|1346749074|2
宅男必备：“达人”教你与MM搭讪|data/宅男必备：“达人”教你与MM搭讪|0|0|1346749074|1346749074|2
小心 男人绝对不会容忍你的8件事|data/小心 男人绝对不会容忍你的8件事|0|0|1346749074|1346749074|2
小眼更专一 男人眼睛看是否花心|data/小眼更专一 男人眼睛看是否花心|0|0|1346749074|1346749074|2
屌丝都不会喜欢的三种性格的女人|data/屌丝都不会喜欢的三种性格的女人|0|0|1346749074|1346749074|2
巧用超妙方法让他从朋友变情人|data/巧用超妙方法让他从朋友变情人|0|0|1346749074|1346749074|2
帮你认清六种隐性的危险坏男人|data/帮你认清六种隐性的危险坏男人|0|0|1346749074|1346749074|2
幸福相处五大绝招让爱情经久不衰|data/幸福相处五大绝招让爱情经久不衰|0|0|1346749074|1346749074|2
恋爱10计谋 让你们迅速坠入爱河|data/恋爱10计谋 让你们迅速坠入爱河|0|0|1346749074|1346749074|2
恋爱小计谋 让你们迅速坠入爱河|data/恋爱小计谋 让你们迅速坠入爱河|0|0|1346749074|1346749074|2
情敌如对手 解析情场上的4大“奥运规则”|data/情敌如对手 解析情场上的4大“奥运规则”|0|0|1346749074|1346749074|2
想得宠 蜜月归来女人必做8件事|data/想得宠 蜜月归来女人必做8件事|0|0|1346749074|1346749074|2
惹怒女人的8个惨痛后果：戴绿帽 性惩罚|data/惹怒女人的8个惨痛后果：戴绿帽 性惩罚|0|0|1346749074|1346749074|2
拒绝猴急男友身体侵犯的五个绝招|data/拒绝猴急男友身体侵犯的五个绝招|0|0|1346749074|1346749074|2
揭秘：哪几类男人最难忘前女友？|data/揭秘：哪几类男人最难忘前女友？|0|0|1346749074|1346749074|2
摧毁男人欲望的5大“热情”举动|data/摧毁男人欲望的5大“热情”举动|0|0|1346749074|1346749074|2
日本女性最欣赏的9种职业男人 厨师登榜首|data/日本女性最欣赏的9种职业男人 厨师登榜首|0|0|1346749074|1346749074|2
最适合做“闺蜜”的10种男人|data/最适合做“闺蜜”的10种男人|0|0|1346749074|1346749074|2
止“痒”秘笈：7大爱情公式让婚姻更长久|data/止“痒”秘笈：7大爱情公式让婚姻更长久|0|0|1346749074|1346749074|2
泡妞必用的16个潜规则|data/泡妞必用的16个潜规则|0|0|1346749074|1346749074|2
注意：女人这7大痛苦都是自找的|data/注意：女人这7大痛苦都是自找的|0|0|1346749074|1346749074|2
熟女支招：4种“表扬法”让老公更有魅力|data/熟女支招：4种“表扬法”让老公更有魅力|0|0|1346749074|1346749074|2
熟女眼中的性感男人法则：有情调 敢担当|data/熟女眼中的性感男人法则：有情调 敢担当|0|0|1346749074|1346749074|2
用嘴巴降服女人 最打动女人十句话|data/用嘴巴降服女人 最打动女人十句话|0|0|1346749074|1346749074|2
男人20嫩30奸 40熟男最宜嫁|data/男人20嫩30奸 40熟男最宜嫁|0|0|1346749074|1346749074|2
男人不逗 女人不爱|data/男人不逗 女人不爱|0|0|1346749074|1346749074|2
男人关于女友的14个难言之隐|data/男人关于女友的14个难言之隐|0|0|1346749074|1346749074|2
男人变心后的10种典型表情：漠然装傻陌生|data/男人变心后的10种典型表情：漠然装傻陌生|0|0|1346749074|1346749074|2
男人必知：好老婆都有哪些功能|data/男人必知：好老婆都有哪些功能|0|0|1346749074|1346749074|2
男人最怕10件事 触到就分手|data/男人最怕10件事 触到就分手|0|0|1346749074|1346749074|2
男人最爱女人最恨的7件事|data/男人最爱女人最恨的7件事|0|0|1346749074|1346749074|2
男人最脆弱的4种心态|data/男人最脆弱的4种心态|0|0|1346749074|1346749074|2
男人最讨厌和女人一起做的5件事|data/男人最讨厌和女人一起做的5件事|0|0|1346749074|1346749074|2
留好第一印象 首次约会的10条小贴士|data/留好第一印象 首次约会的10条小贴士|0|0|1346749074|1346749074|2
白领们不想结婚的3大“流行性”理由|data/白领们不想结婚的3大“流行性”理由|0|0|1346749074|1346749074|2
相亲女子不问车房被男方怀疑没诚意伤面子|data/相亲女子不问车房被男方怀疑没诚意伤面子|0|0|1346749074|1346749074|2
离婚大叔危害多 细数二手男的8大缺点|data/离婚大叔危害多 细数二手男的8大缺点|0|0|1346749074|1346749074|2
稳住二手成熟男 他有8个增值点|data/稳住二手成熟男 他有8个增值点|0|0|1346749074|1346749074|2
约会时男人有哪些歪脑筋？|data/约会时男人有哪些歪脑筋？|0|0|1346749074|1346749074|2
老公出轨后女人才明白的7件事|data/老公出轨后女人才明白的7件事|0|0|1346749074|1346749074|2
老婆必知：前女友很容易变小三|data/老婆必知：前女友很容易变小三|0|0|1346749074|1346749074|2
老婆必知：婚后男人最怕的5件事|data/老婆必知：婚后男人最怕的5件事|0|0|1346749074|1346749074|2
肉食女必知：女追男的6个最佳时机|data/肉食女必知：女追男的6个最佳时机|0|0|1346749074|1346749074|2
英国过半夫妇后悔结婚 失去独立成最大理由|data/英国过半夫妇后悔结婚 失去独立成最大理由|0|0|1346749074|1346749074|2
装嫩假清纯 很难嫁出去的8种女人|data/装嫩假清纯 很难嫁出去的8种女人|0|0|1346749074|1346749074|2
警惕：6大恋爱强迫症会把男友逼疯|data/警惕：6大恋爱强迫症会把男友逼疯|0|0|1346749074|1346749074|2
谈恋爱结婚 请认准这6种男人|data/谈恋爱结婚 请认准这6种男人|0|0|1346749074|1346749074|2
这6种男人 谈恋爱最靠谱|data/这6种男人 谈恋爱最靠谱|0|0|1346749074|1346749074|2
闺蜜的10大用处：疗伤聊性无话不谈|data/闺蜜的10大用处：疗伤聊性无话不谈|0|0|1346749074|1346749074|2
关于出轨这件事的男女分歧|data/关于出轨这件事的男女分歧|0|0|1346749075|1346749075|3
双性横行 多少人在同性中找安慰|data/双性横行 多少人在同性中找安慰|0|0|1346749075|1346749075|3
婚外恋是一种能传染的心理疾病|data/婚外恋是一种能传染的心理疾病|0|0|1346749075|1346749075|3
性幻想对象不是老公是出轨吗？|data/性幻想对象不是老公是出轨吗？|0|0|1346749075|1346749075|3
男人不在家 你会找人“填床”吗？|data/男人不在家 你会找人“填床”吗？|0|0|1346749075|1346749075|3
问答：28年婚姻抵不过一个网络"知己妹妹"|data/问答：28年婚姻抵不过一个网络"知己妹妹"|0|0|1346749075|1346749075|3
问答：“有夫之妇”三次眉目传情害我心痒难搔|data/问答：“有夫之妇”三次眉目传情害我心痒难搔|0|0|1346749075|1346749075|3
问答：不爱男友但爱他的家庭 可以嫁吗？|data/问答：不爱男友但爱他的家庭 可以嫁吗？|0|0|1346749075|1346749075|3
问答：与异性同事合租一套房 我们日久生情|data/问答：与异性同事合租一套房 我们日久生情|0|0|1346749075|1346749075|3
问答：为何少女爱大叔？|data/问答：为何少女爱大叔？|0|0|1346749075|1346749075|3
问答：为何总爱老男人？|data/问答：为何总爱老男人？|0|0|1346749075|1346749075|3
问答：为生娃妻子要我养精蓄锐 非排卵期禁欲|data/问答：为生娃妻子要我养精蓄锐 非排卵期禁欲|0|0|1346749075|1346749075|3
问答：他一见面就动手动脚 还说是因为喜欢我|data/问答：他一见面就动手动脚 还说是因为喜欢我|0|0|1346749075|1346749075|3
问答：他为我花了50多万 我不忍心再离开他|data/问答：他为我花了50多万 我不忍心再离开他|0|0|1346749075|1346749075|3
问答：他拒绝了现实中的我 却爱上网络上的我|data/问答：他拒绝了现实中的我 却爱上网络上的我|0|0|1346749075|1346749075|3
问答：做爱时老公表情太搞笑 我忍不住笑场了|data/问答：做爱时老公表情太搞笑 我忍不住笑场了|0|0|1346749075|1346749075|3
问答：偷听公婆房事忍不住笑喷 以后咋相处啊？|data/问答：偷听公婆房事忍不住笑喷 以后咋相处啊？|0|0|1346749075|1346749075|3
问答：再婚要坦白一切吗？|data/问答：再婚要坦白一切吗？|0|0|1346749075|1346749075|3
问答：出过轨的我担心领证后他也会出轨|data/问答：出过轨的我担心领证后他也会出轨|0|0|1346749075|1346749075|3
问答：分手后发现怀孕了怎么办？|data/问答：分手后发现怀孕了怎么办？|0|0|1346749075|1346749075|3
问答：初恋女友向我赤裸献身 我却拒绝了她|data/问答：初恋女友向我赤裸献身 我却拒绝了她|0|0|1346749075|1346749075|3
问答：前妻用我的QQ和我女友大吵一架|data/问答：前妻用我的QQ和我女友大吵一架|0|0|1346749075|1346749075|3
问答：剩女遇到没感觉的靠谱男该凑合嫁了吗？|data/问答：剩女遇到没感觉的靠谱男该凑合嫁了吗？|0|0|1346749075|1346749075|3
问答：叉叉完没陪老婆入睡 被批性生活不严肃|data/问答：叉叉完没陪老婆入睡 被批性生活不严肃|0|0|1346749075|1346749075|3
问答：和男友两次“作案”未遂 可我真没性趣|data/问答：和男友两次“作案”未遂 可我真没性趣|0|0|1346749075|1346749075|3
问答：和粗犷丈夫爱爱时 眼前总浮现前夫影子|data/问答：和粗犷丈夫爱爱时 眼前总浮现前夫影子|0|0|1346749075|1346749075|3
问答：和老公迷上角色扮演 好怕他真去干坏事|data/问答：和老公迷上角色扮演 好怕他真去干坏事|0|0|1346749075|1346749075|3
问答：在睡梦中与男友发生关系 感觉被骗了|data/问答：在睡梦中与男友发生关系 感觉被骗了|0|0|1346749075|1346749075|3
问答：外遇被前妻扫地出门 两年后她又想复婚|data/问答：外遇被前妻扫地出门 两年后她又想复婚|0|0|1346749075|1346749075|3
问答：多疑老婆的夺命连环call搞得我爱爱都疲软|data/问答：多疑老婆的夺命连环call搞得我爱爱都疲软|0|0|1346749075|1346749075|3
问答：太久没见女友我很性急 她却把我推下床|data/问答：太久没见女友我很性急 她却把我推下床|0|0|1346749075|1346749075|3
问答：女人嫁给浪子的结局是什么？|data/问答：女人嫁给浪子的结局是什么？|0|0|1346749075|1346749075|3
问答：女人都被逼成了"爷" 越能干越易被背叛？|data/问答：女人都被逼成了"爷" 越能干越易被背叛？|0|0|1346749075|1346749075|3
问答：女友怀孕了 我严重怀疑孩子不是我的|data/问答：女友怀孕了 我严重怀疑孩子不是我的|0|0|1346749075|1346749075|3
问答：女友老爱抱我 25岁内向处男尺度难把握|data/问答：女友老爱抱我 25岁内向处男尺度难把握|0|0|1346749075|1346749075|3
问答：她很适合当老婆 但我始终觉得她配不上我|data/问答：她很适合当老婆 但我始终觉得她配不上我|0|0|1346749075|1346749075|3
问答：如何体面分手？|data/问答：如何体面分手？|0|0|1346749075|1346749075|3
问答：如何鉴别负心郎？|data/问答：如何鉴别负心郎？|0|0|1346749075|1346749075|3
问答：妻子在家也穿紧身衣 好怕教坏五岁儿子|data/问答：妻子在家也穿紧身衣 好怕教坏五岁儿子|0|0|1346749075|1346749075|3
问答：妻子整天蓬头垢面旧睡衣 严重影响性趣|data/问答：妻子整天蓬头垢面旧睡衣 严重影响性趣|0|0|1346749075|1346749075|3
问答：妻子爱狗甚过我 做爱时也让狗陪她身边|data/问答：妻子爱狗甚过我 做爱时也让狗陪她身边|0|0|1346749075|1346749075|3
问答：妻子追问我和前妻性爱细节 甚至爱爱时也问|data/问答：妻子追问我和前妻性爱细节 甚至爱爱时也问|0|0|1346749075|1346749075|3
问答：婚后一年他色胆渐长 还要我穿“制服”|data/问答：婚后一年他色胆渐长 还要我穿“制服”|0|0|1346749075|1346749075|3
问答：嫁给大14岁的男人 想跟他要钱却无法开口|data/问答：嫁给大14岁的男人 想跟他要钱却无法开口|0|0|1346749075|1346749075|3
问答：官二代男友只要性不结婚 我要继续吗？|data/问答：官二代男友只要性不结婚 我要继续吗？|0|0|1346749075|1346749075|3
问答：小三打电话劝我“在北京别回来了”|data/问答：小三打电话劝我“在北京别回来了”|0|0|1346749075|1346749075|3
问答：当伴郎爱上伴娘 怎么跟现女友分手|data/问答：当伴郎爱上伴娘 怎么跟现女友分手|0|0|1346749075|1346749075|3
问答：快结婚了还没学过怎么爱爱|data/问答：快结婚了还没学过怎么爱爱|0|0|1346749075|1346749075|3
问答：怀孕5月发现老公出轨 我该继续装傻吗？|data/问答：怀孕5月发现老公出轨 我该继续装傻吗？|0|0|1346749075|1346749075|3
问答：怀孕后不敢做爱 老公搬去客厅住冷落我|data/问答：怀孕后不敢做爱 老公搬去客厅住冷落我|0|0|1346749075|1346749075|3
问答：怎样把花心男人变得对你认真|data/问答：怎样把花心男人变得对你认真|0|0|1346749075|1346749075|3
问答：怕他看见我大腿上的橘皮纹 只敢关灯做|data/问答：怕他看见我大腿上的橘皮纹 只敢关灯做|0|0|1346749075|1346749075|3
问答：怕有异味我变洁癖 前戏未完就去做清洁|data/问答：怕有异味我变洁癖 前戏未完就去做清洁|0|0|1346749075|1346749075|3
问答：怕毁形象 我床上总不敢尽兴|data/问答：怕毁形象 我床上总不敢尽兴|0|0|1346749075|1346749075|3
问答：性格独立的女人注定没有男人要吗？|data/问答：性格独立的女人注定没有男人要吗？|0|0|1346749075|1346749075|3
问答：恋爱两年 男友从不公开他的电脑密码|data/问答：恋爱两年 男友从不公开他的电脑密码|0|0|1346749075|1346749075|3
问答：想牢牢把握一个优秀男人 应该怎么做？|data/问答：想牢牢把握一个优秀男人 应该怎么做？|0|0|1346749075|1346749075|3
问答：想用情趣玩具 又怕妻子用后觉得比我好|data/问答：想用情趣玩具 又怕妻子用后觉得比我好|0|0|1346749075|1346749075|3
问答：感情大赢家是懂得及时离开赌桌的人|data/问答：感情大赢家是懂得及时离开赌桌的人|0|0|1346749075|1346749075|3
问答：懊悔玩情感虐待 逼走同居5个月的男友|data/问答：懊悔玩情感虐待 逼走同居5个月的男友|0|0|1346749075|1346749075|3
问答：我们都快上床了 他还不承认我是女友|data/问答：我们都快上床了 他还不承认我是女友|0|0|1346749075|1346749075|3
问答：我是堂堂白富美 为什么反被屌丝甩？|data/问答：我是堂堂白富美 为什么反被屌丝甩？|0|0|1346749075|1346749075|3
问答：新婚三个月爱爱十次 老婆床上拒绝磨合|data/问答：新婚三个月爱爱十次 老婆床上拒绝磨合|0|0|1346749075|1346749075|3
问答：新婚没多久 发现他有一个11岁的私生女|data/问答：新婚没多久 发现他有一个11岁的私生女|0|0|1346749075|1346749075|3
问答：月薪2万 还被狂花钱的待业女友骂无能|data/问答：月薪2万 还被狂花钱的待业女友骂无能|0|0|1346749075|1346749075|3
问答：浪漫老公在我洗澡时提要求 还想去野外|data/问答：浪漫老公在我洗澡时提要求 还想去野外|0|0|1346749075|1346749075|3
问答：爱上闺蜜的男朋友 他好像也很喜欢我|data/问答：爱上闺蜜的男朋友 他好像也很喜欢我|0|0|1346749075|1346749075|3
问答：爱爱时妻子喜欢睁大眼睛观察我 好狼狈|data/问答：爱爱时妻子喜欢睁大眼睛观察我 好狼狈|0|0|1346749075|1346749075|3
问答：爱爱时老婆总看着我微笑 让我浑身发毛|data/问答：爱爱时老婆总看着我微笑 让我浑身发毛|0|0|1346749075|1346749075|3
问答：生气！老公送我振荡器 是嫌我不够好吗？|data/问答：生气！老公送我振荡器 是嫌我不够好吗？|0|0|1346749075|1346749075|3
问答：男友一爱抚我就高潮 爱爱时我却没感觉|data/问答：男友一爱抚我就高潮 爱爱时我却没感觉|0|0|1346749075|1346749075|3
问答：男友喜欢玩花样 我却是个保守女孩|data/问答：男友喜欢玩花样 我却是个保守女孩|0|0|1346749075|1346749075|3
问答：男友对所有人隐瞒我的存在 还让我打胎|data/问答：男友对所有人隐瞒我的存在 还让我打胎|0|0|1346749075|1346749075|3
问答：男友总是对我说“男人是靠不住的”|data/问答：男友总是对我说“男人是靠不住的”|0|0|1346749075|1346749075|3
问答：男友有房有车啥都好 就是跟我算账太清楚|data/问答：男友有房有车啥都好 就是跟我算账太清楚|0|0|1346749075|1346749075|3
问答：男友爱好佛学性冷淡 我怕以后守活寡|data/问答：男友爱好佛学性冷淡 我怕以后守活寡|0|0|1346749075|1346749075|3
问答：男友老爸结过3次婚 好担心花心会遗传|data/问答：男友老爸结过3次婚 好担心花心会遗传|0|0|1346749075|1346749075|3
问答：男友说前女友私生活乱 所以他选择我|data/问答：男友说前女友私生活乱 所以他选择我|0|0|1346749075|1346749075|3
问答：男友说我还是处女不正常 该不该主动点？|data/问答：男友说我还是处女不正常 该不该主动点？|0|0|1346749075|1346749075|3
问答：男友跟夜总会小姐一夜情 该原谅他吗？|data/问答：男友跟夜总会小姐一夜情 该原谅他吗？|0|0|1346749075|1346749075|3
问答：男友跟我发情步调不同 一冰一火好难办|data/问答：男友跟我发情步调不同 一冰一火好难办|0|0|1346749075|1346749075|3
问答：男女之间是否存在单纯的友谊|data/问答：男女之间是否存在单纯的友谊|0|0|1346749075|1346749075|3
问答：红包只有1200 新婚夜我在洞房嚎啕大哭|data/问答：红包只有1200 新婚夜我在洞房嚎啕大哭|0|0|1346749075|1346749075|3
问答：红颜知己真的不能做老婆吗？|data/问答：红颜知己真的不能做老婆吗？|0|0|1346749075|1346749075|3
问答：老公与别人暧昧但没有实质行为 我该管么|data/问答：老公与别人暧昧但没有实质行为 我该管么|0|0|1346749075|1346749075|3
问答：老公因为我不是处女而提离婚|data/问答：老公因为我不是处女而提离婚|0|0|1346749075|1346749075|3
问答：老公太性急 总逼慢热的我和他共入佳境|data/问答：老公太性急 总逼慢热的我和他共入佳境|0|0|1346749075|1346749075|3
问答：老公对性抱着可有可无的态度 我好不爽|data/问答：老公对性抱着可有可无的态度 我好不爽|0|0|1346749075|1346749075|3
问答：老公总怀疑我和同事偷情 我解释他不听|data/问答：老公总怀疑我和同事偷情 我解释他不听|0|0|1346749075|1346749075|3
问答：老公总是偷偷看A片让我觉得很恶心|data/问答：老公总是偷偷看A片让我觉得很恶心|0|0|1346749075|1346749075|3
问答：老公是妇产科医生 对我完全提不起性趣|data/问答：老公是妇产科医生 对我完全提不起性趣|0|0|1346749075|1346749075|3
问答：老公每晚摆弄照相机 镜头却从不对准我|data/问答：老公每晚摆弄照相机 镜头却从不对准我|0|0|1346749075|1346749075|3
问答：老公爱爱太“文雅”换个体位要磨蹭半天|data/问答：老公爱爱太“文雅”换个体位要磨蹭半天|0|0|1346749075|1346749075|3
问答：老公觉得我太美自惭形秽 床上总放不开|data/问答：老公觉得我太美自惭形秽 床上总放不开|0|0|1346749075|1346749075|3
问答：要我穿性感内衣认了 老公还要听我呻吟|data/问答：要我穿性感内衣认了 老公还要听我呻吟|0|0|1346749075|1346749075|3
问答：要结婚了 还惦记网游里认识的男人|data/问答：要结婚了 还惦记网游里认识的男人|0|0|1346749075|1346749075|3
问答：见面第二次他就摸我的手 感觉好不爽|data/问答：见面第二次他就摸我的手 感觉好不爽|0|0|1346749075|1346749075|3
问答：谈恋爱应该AA制还是男方花钱|data/问答：谈恋爱应该AA制还是男方花钱|0|0|1346749075|1346749075|3
问答：跟公婆同处一室 怕被听见都不敢做爱了|data/问答：跟公婆同处一室 怕被听见都不敢做爱了|0|0|1346749075|1346749075|3
问答：除非我送Iphone和Ipad 她才肯再见我|data/问答：除非我送Iphone和Ipad 她才肯再见我|0|0|1346749075|1346749075|3
问答：高薪优剩女如何扩大交际圈找对象|data/问答：高薪优剩女如何扩大交际圈找对象|0|0|1346749075|1346749075|3
10秒钟从女人的外表看她性欲强弱|data/10秒钟从女人的外表看她性欲强弱|0|0|1346749074|1346749074|5
30岁后女人更加贪恋性|data/30岁后女人更加贪恋性|0|0|1346749074|1346749074|5
4大理由证明：女屌丝比男人还好色|data/4大理由证明：女屌丝比男人还好色|0|0|1346749074|1346749074|5
4种睡姿暴露男人的“性满意度”|data/4种睡姿暴露男人的“性满意度”|0|0|1346749074|1346749074|5
4类人妻最易遭到老公性报复|data/4类人妻最易遭到老公性报复|0|0|1346749074|1346749074|5
5种暧昧 辨别老公是不是真不忠|data/5种暧昧 辨别老公是不是真不忠|0|0|1346749074|1346749074|5
9成会伪装 揭秘女人在床上的8个数据|data/9成会伪装 揭秘女人在床上的8个数据|0|0|1346749074|1346749074|5
MM用真实经历告诉男人该如何让女人高潮|data/MM用真实经历告诉男人该如何让女人高潮|0|0|1346749074|1346749074|5
一成不变or直奔主题 揭秘女人床上的7不满|data/一成不变or直奔主题 揭秘女人床上的7不满|0|0|1346749074|1346749074|5
丈夫希望妻子知道的性秘密|data/丈夫希望妻子知道的性秘密|0|0|1346749074|1346749074|5
两性揭秘：爱爱后男人为何倒头就睡?|data/两性揭秘：爱爱后男人为何倒头就睡?|0|0|1346749074|1346749074|5
两性新知：女人45岁 出轨概率最高|data/两性新知：女人45岁 出轨概率最高|0|0|1346749074|1346749074|5
为什么男人喜欢偷看女人的内裤？|data/为什么男人喜欢偷看女人的内裤？|0|0|1346749074|1346749074|5
亲热前女人最讨厌的事|data/亲热前女人最讨厌的事|0|0|1346749074|1346749074|5
什么样的性爱方式女人无法接受?|data/什么样的性爱方式女人无法接受?|0|0|1346749074|1346749074|5
什么样的身材最让男人酥软?|data/什么样的身材最让男人酥软?|0|0|1346749074|1346749074|5
从内裤看女人的“性需求”|data/从内裤看女人的“性需求”|0|0|1346749074|1346749074|5
伤不起 男人上床就变心的3大原因|data/伤不起 男人上床就变心的3大原因|0|0|1346749074|1346749074|5
关于房事 男人最幼稚的4个想法|data/关于房事 男人最幼稚的4个想法|0|0|1346749074|1346749074|5
别错过 女人要你吻她的10个信号|data/别错过 女人要你吻她的10个信号|0|0|1346749074|1346749074|5
发脾气or小动作 中国女人特有的性暗示|data/发脾气or小动作 中国女人特有的性暗示|0|0|1346749074|1346749074|5
听女人讲述性爱初夜的感觉|data/听女人讲述性爱初夜的感觉|0|0|1346749074|1346749074|5
嘿咻时 女人要11分钟后才有状态|data/嘿咻时 女人要11分钟后才有状态|0|0|1346749074|1346749074|5
大胸妹妹：男人为何只爱看你 不想娶你?|data/大胸妹妹：男人为何只爱看你 不想娶你?|0|0|1346749074|1346749074|5
女人10种“味道” 引男人竞折腰|data/女人10种“味道” 引男人竞折腰|0|0|1346749074|1346749074|5
女人4种声音 让男人酥软欲罢不能|data/女人4种声音 让男人酥软欲罢不能|0|0|1346749074|1346749074|5
女人不想嘿咻的10个奇怪想法|data/女人不想嘿咻的10个奇怪想法|0|0|1346749074|1346749074|5
女人也爱看A片的6大理由|data/女人也爱看A片的6大理由|0|0|1346749074|1346749074|5
女人何时欲望最强：每月两大高峰期|data/女人何时欲望最强：每月两大高峰期|0|0|1346749074|1346749074|5
女人千万别相信婚前男人的这些话|data/女人千万别相信婚前男人的这些话|0|0|1346749074|1346749074|5
女人哪里渴望得到男人的亲吻?|data/女人哪里渴望得到男人的亲吻?|0|0|1346749074|1346749074|5
女人嘿咻后的7个特殊表现|data/女人嘿咻后的7个特殊表现|0|0|1346749074|1346749074|5
女人在5种情况下不想做爱|data/女人在5种情况下不想做爱|0|0|1346749074|1346749074|5
女人在床上的3句话 最易让男人误解|data/女人在床上的3句话 最易让男人误解|0|0|1346749074|1346749074|5
女人在性爱中的焦虑|data/女人在性爱中的焦虑|0|0|1346749074|1346749074|5
女人对房事的3大不满：前戏太短 亲密不足|data/女人对房事的3大不满：前戏太短 亲密不足|0|0|1346749074|1346749074|5
女人对男人几个关键部位的看法|data/女人对男人几个关键部位的看法|0|0|1346749074|1346749074|5
女人床上的那些喜好的性爱事|data/女人床上的那些喜好的性爱事|0|0|1346749074|1346749074|5
女人必知：男人在床上对你有7大期待|data/女人必知：男人在床上对你有7大期待|0|0|1346749074|1346749074|5
女人必知：男人是怎样来看待出轨?|data/女人必知：男人是怎样来看待出轨?|0|0|1346749074|1346749074|5
女人必知：眼泪会浇灭男人的性趣|data/女人必知：眼泪会浇灭男人的性趣|0|0|1346749074|1346749074|5
女人性爱常见8担忧|data/女人性爱常见8担忧|0|0|1346749074|1346749074|5
女人无法忘记的几次性爱|data/女人无法忘记的几次性爱|0|0|1346749074|1346749074|5
女人最令男人兴奋的10个小动作|data/女人最令男人兴奋的10个小动作|0|0|1346749074|1346749074|5
女人最反感的4种接吻习惯|data/女人最反感的4种接吻习惯|0|0|1346749074|1346749074|5
女人最反感的Kiss类型|data/女人最反感的Kiss类型|0|0|1346749074|1346749074|5
女人最讨厌的5种爱爱场景|data/女人最讨厌的5种爱爱场景|0|0|1346749074|1346749074|5
女人每天想10次性 男人翻倍|data/女人每天想10次性 男人翻倍|0|0|1346749074|1346749074|5
女人渴望缠绵时的9个身体暗示|data/女人渴望缠绵时的9个身体暗示|0|0|1346749074|1346749074|5
女人爱不爱动粗 电影告诉你的6个性秘密|data/女人爱不爱动粗 电影告诉你的6个性秘密|0|0|1346749074|1346749074|5
女人看A片吸引她们的究竟是什么?|data/女人看A片吸引她们的究竟是什么?|0|0|1346749074|1346749074|5
女人脱光后的7大“性委屈”|data/女人脱光后的7大“性委屈”|0|0|1346749074|1346749074|5
女人说这五句话 男人打死都别信|data/女人说这五句话 男人打死都别信|0|0|1346749074|1346749074|5
女人身体很想“要”的5种情况|data/女人身体很想“要”的5种情况|0|0|1346749074|1346749074|5
女人都喜欢床上猛男吗?|data/女人都喜欢床上猛男吗?|0|0|1346749074|1346749074|5
女性特有的“性爱焦虑”|data/女性特有的“性爱焦虑”|0|0|1346749074|1346749074|5
如何认识男性“生理疲劳”?|data/如何认识男性“生理疲劳”?|0|0|1346749074|1346749074|5
床上女人最说不出口的3大渴望|data/床上女人最说不出口的3大渴望|0|0|1346749074|1346749074|5
床上装疯卖傻 女人10特点能给男人性福|data/床上装疯卖傻 女人10特点能给男人性福|0|0|1346749074|1346749074|5
当冷战遇到房事 女人要自尊还是要快感?|data/当冷战遇到房事 女人要自尊还是要快感?|0|0|1346749074|1346749074|5
性事中的尴尬七成女性会记恨|data/性事中的尴尬七成女性会记恨|0|0|1346749074|1346749074|5
性爱中女人最不能忍受的事情|data/性爱中女人最不能忍受的事情|0|0|1346749074|1346749074|5
性爱中女子动作大解析|data/性爱中女子动作大解析|0|0|1346749074|1346749074|5
性爱数字 晚上10点女人欲望最浓|data/性爱数字 晚上10点女人欲望最浓|0|0|1346749074|1346749074|5
性福有时差 女人必知男人性时间|data/性福有时差 女人必知男人性时间|0|0|1346749074|1346749074|5
揭开女人内心最深处的性爱秘密|data/揭开女人内心最深处的性爱秘密|0|0|1346749074|1346749074|5
摸透女人的性秘密|data/摸透女人的性秘密|0|0|1346749074|1346749074|5
教你几招 判断老婆到底要or不要|data/教你几招 判断老婆到底要or不要|0|0|1346749074|1346749074|5
新任男友都会做的5个小动作|data/新任男友都会做的5个小动作|0|0|1346749074|1346749074|5
新婚之夜女人到底在胡思乱想什么?|data/新婚之夜女人到底在胡思乱想什么?|0|0|1346749074|1346749074|5
最新调查显示：男33岁女28岁最“性福”|data/最新调查显示：男33岁女28岁最“性福”|0|0|1346749074|1346749074|5
最易解开裤腰带的5种女人|data/最易解开裤腰带的5种女人|0|0|1346749074|1346749074|5
气质美女的10种性感表情|data/气质美女的10种性感表情|0|0|1346749074|1346749074|5
沧桑的男人更受青睐|data/沧桑的男人更受青睐|0|0|1346749074|1346749074|5
注意5细节 帮你在床上挑选优质男人|data/注意5细节 帮你在床上挑选优质男人|0|0|1346749074|1346749074|5
注意6细节 看你是不是他的“性快餐”|data/注意6细节 看你是不是他的“性快餐”|0|0|1346749074|1346749074|5
渴望被勾引 男人出轨的4种猥琐心理|data/渴望被勾引 男人出轨的4种猥琐心理|0|0|1346749074|1346749074|5
满足女人需要更多铺垫|data/满足女人需要更多铺垫|0|0|1346749074|1346749074|5
熟女心声：最美妙的4种房事体验|data/熟女心声：最美妙的4种房事体验|0|0|1346749074|1346749074|5
熟女智慧结晶：处男鉴定术7个步骤|data/熟女智慧结晶：处男鉴定术7个步骤|0|0|1346749074|1346749074|5
爱情与身体 哪个更能抓住男人心?|data/爱情与身体 哪个更能抓住男人心?|0|0|1346749074|1346749074|5
爽歪歪 女人被男人“滋润”的9种感觉|data/爽歪歪 女人被男人“滋润”的9种感觉|0|0|1346749074|1346749074|5
男人为何爱对小姨子下手?|data/男人为何爱对小姨子下手?|0|0|1346749074|1346749074|5
男人到底有多在乎女人的贞操呢?|data/男人到底有多在乎女人的贞操呢?|0|0|1346749074|1346749074|5
男人口述他们喜欢的前戏|data/男人口述他们喜欢的前戏|0|0|1346749074|1346749074|5
男人只想“做”不想爱的3个原因|data/男人只想“做”不想爱的3个原因|0|0|1346749074|1346749074|5
男人喜欢摸女人胸的5个理由|data/男人喜欢摸女人胸的5个理由|0|0|1346749074|1346749074|5
男人嘿咻时的9大爆笑想法|data/男人嘿咻时的9大爆笑想法|0|0|1346749074|1346749074|5
男人在床上对女人的期待|data/男人在床上对女人的期待|0|0|1346749074|1346749074|5
男人在性爱时的十大怪念头|data/男人在性爱时的十大怪念头|0|0|1346749074|1346749074|5
男人女人说他们的热吻体验|data/男人女人说他们的热吻体验|0|0|1346749074|1346749074|5
男人婚后都有的3大“性期待”|data/男人婚后都有的3大“性期待”|0|0|1346749074|1346749074|5
男人心底的性秘密|data/男人心底的性秘密|0|0|1346749074|1346749074|5
男人必知：女人的6件性爱心事|data/男人必知：女人的6件性爱心事|0|0|1346749074|1346749074|5
男人性爱问题的十个答案|data/男人性爱问题的十个答案|0|0|1346749074|1346749074|5
男人总会对大胸着迷 往往娶的确是小胸|data/男人总会对大胸着迷 往往娶的确是小胸|0|0|1346749074|1346749074|5
男人房事后昏睡并非冷漠|data/男人房事后昏睡并非冷漠|0|0|1346749074|1346749074|5
男人最在意女人的3种操守|data/男人最在意女人的3种操守|0|0|1346749074|1346749074|5
男人最想要的8种前戏|data/男人最想要的8种前戏|0|0|1346749074|1346749074|5
男人最无法忍受女人的哪十种行为|data/男人最无法忍受女人的哪十种行为|0|0|1346749074|1346749074|5
男人最爱女人的6种曲线|data/男人最爱女人的6种曲线|0|0|1346749074|1346749074|5
男人的5个性暗示 女人必须懂|data/男人的5个性暗示 女人必须懂|0|0|1346749074|1346749074|5
男人的五大性恐惧|data/男人的五大性恐惧|0|0|1346749074|1346749074|5
男人看法：女人身上最诱人的8个部位|data/男人看法：女人身上最诱人的8个部位|0|0|1346749074|1346749074|5
男人都喜欢的12件事：乳房拥抱贞操|data/男人都喜欢的12件事：乳房拥抱贞操|0|0|1346749074|1346749074|5
男人都有些美腿情结|data/男人都有些美腿情结|0|0|1346749074|1346749074|5
男性最爱的女人类型大盘点|data/男性最爱的女人类型大盘点|0|0|1346749074|1346749074|5
白领女性都喜欢有限度的性骚扰|data/白领女性都喜欢有限度的性骚扰|0|0|1346749074|1346749074|5
盘点10类好老婆：男人喜欢重视性爱的女人|data/盘点10类好老婆：男人喜欢重视性爱的女人|0|0|1346749074|1346749074|5
看看她们是如何描述性高潮的|data/看看她们是如何描述性高潮的|0|0|1346749074|1346749074|5
羞涩or慢热 床上女人特有的5种性焦虑|data/羞涩or慢热 床上女人特有的5种性焦虑|0|0|1346749074|1346749074|5
老婆偷腥的11个心酸理由|data/老婆偷腥的11个心酸理由|0|0|1346749074|1346749074|5
职场女性要提防：6种男上司是色狼|data/职场女性要提防：6种男上司是色狼|0|0|1346749074|1346749074|5
色眼识男人 7分钟迅速看懂男人心|data/色眼识男人 7分钟迅速看懂男人心|0|0|1346749074|1346749074|5
调查称49%男性对苍井空有性幻想|data/调查称49%男性对苍井空有性幻想|0|0|1346749074|1346749074|5
这样的“春宵一刻”让女人最着迷|data/这样的“春宵一刻”让女人最着迷|0|0|1346749074|1346749074|5
送花最能打动女人|data/送花最能打动女人|0|0|1346749074|1346749074|5
高达七成女性喜欢听到男人叫床?|data/高达七成女性喜欢听到男人叫床?|0|0|1346749074|1346749074|5
